n,m,k0,initial_nodes,iteration,reciprocal_threshold,df,entropy,normalized_entropy,root_is_leader,filename
20,3,1,1,0,0.0,1.622232955550603e-08,1.7581898235982834,1.0,False,prices_model_n20_m3_k01_initial_nodes1_p0.0_iteration0
20,3,1,1,1,0.0,0.0,1.7766324604175276,1.0,False,prices_model_n20_m3_k01_initial_nodes1_p0.0_iteration1
20,3,1,1,2,0.0,0.0,1.7925884286219151,1.0,False,prices_model_n20_m3_k01_initial_nodes1_p0.0_iteration2
20,3,1,1,3,0.0,0.0,1.8315603377717558,1.0,False,prices_model_n20_m3_k01_initial_nodes1_p0.0_iteration3
20,3,1,1,4,0.0,0.0,1.7734418328862709,1.0,False,prices_model_n20_m3_k01_initial_nodes1_p0.0_iteration4
20,3,1,1,5,0.0,0.0,1.7792679962393196,1.0,False,prices_model_n20_m3_k01_initial_nodes1_p0.0_iteration5
20,3,1,1,6,0.0,0.0,1.7877079476506819,1.0,False,prices_model_n20_m3_k01_initial_nodes1_p0.0_iteration6
20,3,1,1,7,0.0,4.729581163024141e-08,1.8229008009273293,1.0,False,prices_model_n20_m3_k01_initial_nodes1_p0.0_iteration7
20,3,1,1,8,0.0,0.0,1.7809046480949524,1.0,False,prices_model_n20_m3_k01_initial_nodes1_p0.0_iteration8
20,3,1,1,9,0.0,1.9868214925130207e-08,1.808893119667151,1.0,False,prices_model_n20_m3_k01_initial_nodes1_p0.0_iteration9
20,3,1,1,0,0.041666666666666664,0.0,1.7781064962698803,1.0,False,prices_model_n20_m3_k01_initial_nodes1_p0.04_iteration0
20,3,1,1,1,0.041666666666666664,0.0,1.7813765426611659,1.0,False,prices_model_n20_m3_k01_initial_nodes1_p0.04_iteration1
20,3,1,1,2,0.041666666666666664,0.0,1.8220741335618178,1.0,False,prices_model_n20_m3_k01_initial_nodes1_p0.04_iteration2
20,3,1,1,3,0.041666666666666664,0.0,1.7543571970558622,1.0,False,prices_model_n20_m3_k01_initial_nodes1_p0.04_iteration3
20,3,1,1,4,0.041666666666666664,0.0,1.7891545548659915,1.0,False,prices_model_n20_m3_k01_initial_nodes1_p0.04_iteration4
20,3,1,1,5,0.041666666666666664,0.0,1.7785728898351787,1.0,False,prices_model_n20_m3_k01_initial_nodes1_p0.04_iteration5
20,3,1,1,6,0.041666666666666664,1.622232955550603e-08,1.797710263973681,1.0,False,prices_model_n20_m3_k01_initial_nodes1_p0.04_iteration6
20,3,1,1,7,0.041666666666666664,0.0,1.7933595650408645,1.0,False,prices_model_n20_m3_k01_initial_nodes1_p0.04_iteration7
20,3,1,1,8,0.041666666666666664,1.1470919235341267e-08,1.7793443953390138,1.0,False,prices_model_n20_m3_k01_initial_nodes1_p0.04_iteration8
20,3,1,1,9,0.041666666666666664,1.622232955550603e-08,1.7658219883565105,1.0,False,prices_model_n20_m3_k01_initial_nodes1_p0.04_iteration9
20,3,1,1,0,0.08333333333333333,0.0,1.7868072105476944,1.0,False,prices_model_n20_m3_k01_initial_nodes1_p0.08_iteration0
20,3,1,1,1,0.08333333333333333,0.0,1.7754353696968992,1.0,False,prices_model_n20_m3_k01_initial_nodes1_p0.08_iteration1
20,3,1,1,2,0.08333333333333333,0.0,1.785350416443611,1.0,False,prices_model_n20_m3_k01_initial_nodes1_p0.08_iteration2
20,3,1,1,3,0.08333333333333333,0.1690308509456981,1.7878052316285,0.9966710120665861,False,prices_model_n20_m3_k01_initial_nodes1_p0.08_iteration3
20,3,1,1,4,0.08333333333333333,0.09667364890456703,1.7750256185300748,0.9981986886264516,False,prices_model_n20_m3_k01_initial_nodes1_p0.08_iteration4
20,3,1,1,5,0.08333333333333333,0.0,1.7686997109199676,1.0,False,prices_model_n20_m3_k01_initial_nodes1_p0.08_iteration5
20,3,1,1,6,0.08333333333333333,1.622232955550603e-08,1.768668720375355,1.0,False,prices_model_n20_m3_k01_initial_nodes1_p0.08_iteration6
20,3,1,1,7,0.08333333333333333,0.0,1.7581722127651314,1.0,False,prices_model_n20_m3_k01_initial_nodes1_p0.08_iteration7
20,3,1,1,8,0.08333333333333333,1.1470919235341267e-08,1.7814593707195334,1.0,False,prices_model_n20_m3_k01_initial_nodes1_p0.08_iteration8
20,3,1,1,9,0.08333333333333333,0.09667364890455742,1.7840996676009078,0.998712636605843,False,prices_model_n20_m3_k01_initial_nodes1_p0.08_iteration9
20,3,1,1,0,0.125,0.2970580067117832,1.7398022478356305,0.9811011164700919,False,prices_model_n20_m3_k01_initial_nodes1_p0.12_iteration0
20,3,1,1,1,0.125,0.33359566769080684,1.7209230381052327,0.9713894027989237,False,prices_model_n20_m3_k01_initial_nodes1_p0.12_iteration1
20,3,1,1,2,0.125,0.34132936424884947,1.7289193669602416,0.9700937665238608,False,prices_model_n20_m3_k01_initial_nodes1_p0.12_iteration2
20,3,1,1,3,0.125,0.33373148873652236,1.7195538232513585,0.9670117044463836,False,prices_model_n20_m3_k01_initial_nodes1_p0.12_iteration3
20,3,1,1,4,0.125,0.3696952673107858,1.6983039066179526,0.9597953113919908,False,prices_model_n20_m3_k01_initial_nodes1_p0.12_iteration4
20,3,1,1,5,0.125,0.3924224918040799,1.712547359131685,0.9589749350570322,False,prices_model_n20_m3_k01_initial_nodes1_p0.12_iteration5
20,3,1,1,6,0.125,0.3689766795684648,1.7091949029698805,0.9633431847701207,False,prices_model_n20_m3_k01_initial_nodes1_p0.12_iteration6
20,3,1,1,7,0.125,0.3095238287061086,1.7146925390414396,0.9793692707174853,False,prices_model_n20_m3_k01_initial_nodes1_p0.12_iteration7
20,3,1,1,8,0.125,0.2186642800355282,1.7323568094014699,0.9944620099567111,False,prices_model_n20_m3_k01_initial_nodes1_p0.12_iteration8
20,3,1,1,9,0.125,0.3644626161928478,1.7038567422233521,0.9625889757748851,False,prices_model_n20_m3_k01_initial_nodes1_p0.12_iteration9
20,3,1,1,0,0.16666666666666666,0.5148491111070354,1.5741042948539978,0.9066509187618369,False,prices_model_n20_m3_k01_initial_nodes1_p0.17_iteration0
20,3,1,1,1,0.16666666666666666,0.5805301549938624,1.552528584780914,0.8694236617936096,False,prices_model_n20_m3_k01_initial_nodes1_p0.17_iteration1
20,3,1,1,2,0.16666666666666666,0.49688921597816854,1.5790872570987238,0.9119872036312829,False,prices_model_n20_m3_k01_initial_nodes1_p0.17_iteration2
20,3,1,1,3,0.16666666666666666,0.4974703740807226,1.5693175989401151,0.9043680540616789,False,prices_model_n20_m3_k01_initial_nodes1_p0.17_iteration3
20,3,1,1,4,0.16666666666666666,0.5489458860028448,1.564537214269998,0.8888828100339856,False,prices_model_n20_m3_k01_initial_nodes1_p0.17_iteration4
20,3,1,1,5,0.16666666666666666,0.5191286004489859,1.5690350782392786,0.9051021939067636,False,prices_model_n20_m3_k01_initial_nodes1_p0.17_iteration5
20,3,1,1,6,0.16666666666666666,0.544365292363491,1.5502994911390586,0.8821057200575108,False,prices_model_n20_m3_k01_initial_nodes1_p0.17_iteration6
20,3,1,1,7,0.16666666666666666,0.5349651262808193,1.5682400214792376,0.8904094276428041,False,prices_model_n20_m3_k01_initial_nodes1_p0.17_iteration7
20,3,1,1,8,0.16666666666666666,0.5373247443289108,1.5822696370893803,0.8961008246570381,False,prices_model_n20_m3_k01_initial_nodes1_p0.17_iteration8
20,3,1,1,9,0.16666666666666666,0.5502924778885976,1.5614187152989079,0.8790991989208033,False,prices_model_n20_m3_k01_initial_nodes1_p0.17_iteration9
20,3,1,1,0,0.20833333333333331,0.7084882602669395,1.3827850808409932,0.7686475704700185,False,prices_model_n20_m3_k01_initial_nodes1_p0.21_iteration0
20,3,1,1,1,0.20833333333333331,0.6910426460719068,1.3858214590829838,0.7814936713312803,False,prices_model_n20_m3_k01_initial_nodes1_p0.21_iteration1
20,3,1,1,2,0.20833333333333331,0.687218988507477,1.3789904864207603,0.7729951362480381,False,prices_model_n20_m3_k01_initial_nodes1_p0.21_iteration2
20,3,1,1,3,0.20833333333333331,0.6490891976720047,1.386291816874449,0.803373571834752,False,prices_model_n20_m3_k01_initial_nodes1_p0.21_iteration3
20,3,1,1,4,0.20833333333333331,0.6856346208679478,1.3850768174512122,0.7838497522444038,False,prices_model_n20_m3_k01_initial_nodes1_p0.21_iteration4
20,3,1,1,5,0.20833333333333331,0.6772387708129147,1.3819878996376518,0.7831816649852044,False,prices_model_n20_m3_k01_initial_nodes1_p0.21_iteration5
20,3,1,1,6,0.20833333333333331,0.7218911002101859,1.3415438165162799,0.7473250212548972,False,prices_model_n20_m3_k01_initial_nodes1_p0.21_iteration6
20,3,1,1,7,0.20833333333333331,0.6622330239588712,1.3861979690701505,0.7994339130779615,False,prices_model_n20_m3_k01_initial_nodes1_p0.21_iteration7
20,3,1,1,8,0.20833333333333331,0.65533145540894,1.3845148843830752,0.7965709342509945,False,prices_model_n20_m3_k01_initial_nodes1_p0.21_iteration8
20,3,1,1,9,0.20833333333333331,0.7293337339863165,1.3857835317518192,0.760512625022862,False,prices_model_n20_m3_k01_initial_nodes1_p0.21_iteration9
20,3,1,1,0,0.25,0.8944271909999159,1.0986122886681098,0.5889408467200925,False,prices_model_n20_m3_k01_initial_nodes1_p0.25_iteration0
20,3,1,1,1,0.25,0.8944271909999159,1.0986122886681098,0.6022110064313637,False,prices_model_n20_m3_k01_initial_nodes1_p0.25_iteration1
20,3,1,1,2,0.25,0.8944271909999159,1.0986122886681098,0.5959209694013201,False,prices_model_n20_m3_k01_initial_nodes1_p0.25_iteration2
20,3,1,1,3,0.25,0.8944271909999159,1.0986122886681098,0.5967831007644507,False,prices_model_n20_m3_k01_initial_nodes1_p0.25_iteration3
20,3,1,1,4,0.25,0.8944271909999159,1.0986122886681098,0.6010306475074016,False,prices_model_n20_m3_k01_initial_nodes1_p0.25_iteration4
20,3,1,1,5,0.25,0.8944271909999159,1.0986122886681098,0.5917836685693862,False,prices_model_n20_m3_k01_initial_nodes1_p0.25_iteration5
20,3,1,1,6,0.25,0.8944271909999159,1.0986122886681098,0.6048534028533337,False,prices_model_n20_m3_k01_initial_nodes1_p0.25_iteration6
20,3,1,1,7,0.25,0.8944271909999159,1.0986122886681098,0.5938068287904591,False,prices_model_n20_m3_k01_initial_nodes1_p0.25_iteration7
20,3,1,1,8,0.25,0.8944271909999159,1.0986122886681098,0.6035209498066204,False,prices_model_n20_m3_k01_initial_nodes1_p0.25_iteration8
20,3,1,1,9,0.25,0.8944271909999159,1.0986122886681098,0.5979610548550351,False,prices_model_n20_m3_k01_initial_nodes1_p0.25_iteration9
20,3,1,1,0,0.29166666666666663,0.8944271909999159,1.0986122886681098,0.5952795159970177,False,prices_model_n20_m3_k01_initial_nodes1_p0.29_iteration0
20,3,1,1,1,0.29166666666666663,0.8944271909999159,1.0986122886681098,0.5957695420691476,False,prices_model_n20_m3_k01_initial_nodes1_p0.29_iteration1
20,3,1,1,2,0.29166666666666663,0.8944271909999159,1.0986122886681098,0.5901065520528463,False,prices_model_n20_m3_k01_initial_nodes1_p0.29_iteration2
20,3,1,1,3,0.29166666666666663,0.8944271909999159,1.0986122886681098,0.5776294256547121,False,prices_model_n20_m3_k01_initial_nodes1_p0.29_iteration3
20,3,1,1,4,0.29166666666666663,0.8944271909999159,1.0986122886681098,0.5890746341473099,False,prices_model_n20_m3_k01_initial_nodes1_p0.29_iteration4
20,3,1,1,5,0.29166666666666663,0.8944271909999159,1.0986122886681098,0.5989633334462307,False,prices_model_n20_m3_k01_initial_nodes1_p0.29_iteration5
20,3,1,1,6,0.29166666666666663,0.8944271909999159,1.0986122886681098,0.5904901606991053,False,prices_model_n20_m3_k01_initial_nodes1_p0.29_iteration6
20,3,1,1,7,0.29166666666666663,0.8944271909999159,1.0986122886681098,0.5971907069953934,False,prices_model_n20_m3_k01_initial_nodes1_p0.29_iteration7
20,3,1,1,8,0.29166666666666663,0.8944271909999159,1.0986122886681098,0.5989747510842558,False,prices_model_n20_m3_k01_initial_nodes1_p0.29_iteration8
20,3,1,1,9,0.29166666666666663,0.8944271909999159,1.0986122886681098,0.5829888025130854,False,prices_model_n20_m3_k01_initial_nodes1_p0.29_iteration9
20,3,1,1,0,0.3333333333333333,0.9459053029269173,0.6931471805599452,0.369251889572486,False,prices_model_n20_m3_k01_initial_nodes1_p0.33_iteration0
20,3,1,1,1,0.3333333333333333,0.9459053029269173,0.6931471805599452,0.38145718406002976,False,prices_model_n20_m3_k01_initial_nodes1_p0.33_iteration1
20,3,1,1,2,0.3333333333333333,0.9459053029269173,0.6931471805599452,0.3688312127956248,False,prices_model_n20_m3_k01_initial_nodes1_p0.33_iteration2
20,3,1,1,3,0.3333333333333333,0.9459053029269173,0.6931471805599452,0.3732976851381731,False,prices_model_n20_m3_k01_initial_nodes1_p0.33_iteration3
20,3,1,1,4,0.3333333333333333,0.9459053029269173,0.6931471805599452,0.3801509715926909,False,prices_model_n20_m3_k01_initial_nodes1_p0.33_iteration4
20,3,1,1,5,0.3333333333333333,0.9459053029269173,0.6931471805599452,0.366921190670636,False,prices_model_n20_m3_k01_initial_nodes1_p0.33_iteration5
20,3,1,1,6,0.3333333333333333,0.9459053029269173,0.6931471805599452,0.3698161566543177,False,prices_model_n20_m3_k01_initial_nodes1_p0.33_iteration6
20,3,1,1,7,0.3333333333333333,0.9459053029269173,0.6931471805599452,0.3830345763217314,False,prices_model_n20_m3_k01_initial_nodes1_p0.33_iteration7
20,3,1,1,8,0.3333333333333333,0.9459053029269173,0.6931471805599452,0.3732928151765042,False,prices_model_n20_m3_k01_initial_nodes1_p0.33_iteration8
20,3,1,1,9,0.3333333333333333,0.9459053029269173,0.6931471805599452,0.3771466479587023,False,prices_model_n20_m3_k01_initial_nodes1_p0.33_iteration9
20,3,1,1,0,0.375,0.9459053029269173,0.6931471805599452,0.3848592650575246,False,prices_model_n20_m3_k01_initial_nodes1_p0.38_iteration0
20,3,1,1,1,0.375,0.9459053029269173,0.6931471805599452,0.38366450298414256,False,prices_model_n20_m3_k01_initial_nodes1_p0.38_iteration1
20,3,1,1,2,0.375,0.9459053029269173,0.6931471805599452,0.3775316473853269,False,prices_model_n20_m3_k01_initial_nodes1_p0.38_iteration2
20,3,1,1,3,0.375,0.9459053029269173,0.6931471805599452,0.3782213166028965,False,prices_model_n20_m3_k01_initial_nodes1_p0.38_iteration3
20,3,1,1,4,0.375,0.9459053029269173,0.6931471805599452,0.37237905062782123,False,prices_model_n20_m3_k01_initial_nodes1_p0.38_iteration4
20,3,1,1,5,0.375,0.9459053029269173,0.6931471805599452,0.3890207452927357,False,prices_model_n20_m3_k01_initial_nodes1_p0.38_iteration5
20,3,1,1,6,0.375,0.9459053029269173,0.6931471805599452,0.386819840257741,False,prices_model_n20_m3_k01_initial_nodes1_p0.38_iteration6
20,3,1,1,7,0.375,0.9459053029269173,0.6931471805599452,0.3848503619342405,False,prices_model_n20_m3_k01_initial_nodes1_p0.38_iteration7
20,3,1,1,8,0.375,0.9459053029269173,0.6931471805599452,0.3870553085787893,False,prices_model_n20_m3_k01_initial_nodes1_p0.38_iteration8
20,3,1,1,9,0.375,0.9459053029269173,0.6931471805599452,0.37842525046663694,False,prices_model_n20_m3_k01_initial_nodes1_p0.38_iteration9
20,3,1,1,0,0.41666666666666663,0.9459053029269173,0.6931471805599452,0.3716332192078667,False,prices_model_n20_m3_k01_initial_nodes1_p0.42_iteration0
20,3,1,1,1,0.41666666666666663,0.9459053029269173,0.6931471805599452,0.37659019198264126,False,prices_model_n20_m3_k01_initial_nodes1_p0.42_iteration1
20,3,1,1,2,0.41666666666666663,0.9459053029269173,0.6931471805599452,0.37468733745969846,False,prices_model_n20_m3_k01_initial_nodes1_p0.42_iteration2
20,3,1,1,3,0.41666666666666663,0.9459053029269173,0.6931471805599452,0.3799020888573874,False,prices_model_n20_m3_k01_initial_nodes1_p0.42_iteration3
20,3,1,1,4,0.41666666666666663,0.9459053029269173,0.6931471805599452,0.382402303533383,False,prices_model_n20_m3_k01_initial_nodes1_p0.42_iteration4
20,3,1,1,5,0.41666666666666663,0.9459053029269173,0.6931471805599452,0.38823278403039496,False,prices_model_n20_m3_k01_initial_nodes1_p0.42_iteration5
20,3,1,1,6,0.41666666666666663,0.9459053029269173,0.6931471805599452,0.3838927974580582,False,prices_model_n20_m3_k01_initial_nodes1_p0.42_iteration6
20,3,1,1,7,0.41666666666666663,0.9459053029269173,0.6931471805599452,0.3756619030174984,False,prices_model_n20_m3_k01_initial_nodes1_p0.42_iteration7
20,3,1,1,8,0.41666666666666663,0.9459053029269173,0.6931471805599452,0.37496726814915915,False,prices_model_n20_m3_k01_initial_nodes1_p0.42_iteration8
20,3,1,1,9,0.41666666666666663,0.9459053029269173,0.6931471805599452,0.3780458085863599,False,prices_model_n20_m3_k01_initial_nodes1_p0.42_iteration9
20,3,1,1,0,0.4583333333333333,0.9459053029269173,0.6931471805599452,0.3719102890529949,False,prices_model_n20_m3_k01_initial_nodes1_p0.46_iteration0
20,3,1,1,1,0.4583333333333333,0.9459053029269173,0.6931471805599452,0.371282680073427,False,prices_model_n20_m3_k01_initial_nodes1_p0.46_iteration1
20,3,1,1,2,0.4583333333333333,0.9459053029269173,0.6931471805599452,0.37797818519543835,False,prices_model_n20_m3_k01_initial_nodes1_p0.46_iteration2
20,3,1,1,3,0.4583333333333333,0.9459053029269173,0.6931471805599452,0.3768205830618234,False,prices_model_n20_m3_k01_initial_nodes1_p0.46_iteration3
20,3,1,1,4,0.4583333333333333,0.9459053029269173,0.6931471805599452,0.37236143513187153,False,prices_model_n20_m3_k01_initial_nodes1_p0.46_iteration4
20,3,1,1,5,0.4583333333333333,0.9459053029269173,0.6931471805599452,0.3772400941139266,False,prices_model_n20_m3_k01_initial_nodes1_p0.46_iteration5
20,3,1,1,6,0.4583333333333333,0.9459053029269173,0.6931471805599452,0.38248821302419506,False,prices_model_n20_m3_k01_initial_nodes1_p0.46_iteration6
20,3,1,1,7,0.4583333333333333,0.9459053029269173,0.6931471805599452,0.36995529485215894,False,prices_model_n20_m3_k01_initial_nodes1_p0.46_iteration7
20,3,1,1,8,0.4583333333333333,0.9459053029269173,0.6931471805599452,0.3755332364388553,False,prices_model_n20_m3_k01_initial_nodes1_p0.46_iteration8
20,3,1,1,9,0.4583333333333333,0.9459053029269173,0.6931471805599452,0.3726786049727289,False,prices_model_n20_m3_k01_initial_nodes1_p0.46_iteration9
20,3,1,1,0,0.5,0.9816498172140428,0.0,0.0,False,prices_model_n20_m3_k01_initial_nodes1_p0.5_iteration0
20,3,1,1,1,0.5,0.9816498172140428,0.0,0.0,False,prices_model_n20_m3_k01_initial_nodes1_p0.5_iteration1
20,3,1,1,2,0.5,0.9816498172140428,0.0,0.0,False,prices_model_n20_m3_k01_initial_nodes1_p0.5_iteration2
20,3,1,1,3,0.5,0.9816498172140428,0.0,0.0,False,prices_model_n20_m3_k01_initial_nodes1_p0.5_iteration3
20,3,1,1,4,0.5,0.9816498172140428,0.0,0.0,False,prices_model_n20_m3_k01_initial_nodes1_p0.5_iteration4
20,3,1,1,5,0.5,0.9816498172140428,0.0,0.0,False,prices_model_n20_m3_k01_initial_nodes1_p0.5_iteration5
20,3,1,1,6,0.5,0.9816498172140428,0.0,0.0,False,prices_model_n20_m3_k01_initial_nodes1_p0.5_iteration6
20,3,1,1,7,0.5,0.9816498172140428,0.0,0.0,False,prices_model_n20_m3_k01_initial_nodes1_p0.5_iteration7
20,3,1,1,8,0.5,0.9816498172140428,0.0,0.0,False,prices_model_n20_m3_k01_initial_nodes1_p0.5_iteration8
20,3,1,1,9,0.5,0.9816498172140428,0.0,0.0,False,prices_model_n20_m3_k01_initial_nodes1_p0.5_iteration9
20,3,1,1,0,0.5416666666666666,0.9816498172140428,0.0,0.0,False,prices_model_n20_m3_k01_initial_nodes1_p0.54_iteration0
20,3,1,1,1,0.5416666666666666,0.9816498172140428,0.0,0.0,False,prices_model_n20_m3_k01_initial_nodes1_p0.54_iteration1
20,3,1,1,2,0.5416666666666666,0.9816498172140428,0.0,0.0,False,prices_model_n20_m3_k01_initial_nodes1_p0.54_iteration2
20,3,1,1,3,0.5416666666666666,0.9816498172140428,0.0,0.0,False,prices_model_n20_m3_k01_initial_nodes1_p0.54_iteration3
20,3,1,1,4,0.5416666666666666,0.9816498172140428,0.0,0.0,False,prices_model_n20_m3_k01_initial_nodes1_p0.54_iteration4
20,3,1,1,5,0.5416666666666666,0.9816498172140428,0.0,0.0,False,prices_model_n20_m3_k01_initial_nodes1_p0.54_iteration5
20,3,1,1,6,0.5416666666666666,0.9816498172140428,0.0,0.0,False,prices_model_n20_m3_k01_initial_nodes1_p0.54_iteration6
20,3,1,1,7,0.5416666666666666,0.9816498172140428,0.0,0.0,False,prices_model_n20_m3_k01_initial_nodes1_p0.54_iteration7
20,3,1,1,8,0.5416666666666666,0.9816498172140428,0.0,0.0,False,prices_model_n20_m3_k01_initial_nodes1_p0.54_iteration8
20,3,1,1,9,0.5416666666666666,0.9816498172140428,0.0,0.0,False,prices_model_n20_m3_k01_initial_nodes1_p0.54_iteration9
20,3,1,1,0,0.5833333333333333,0.9816498172140428,0.0,0.0,False,prices_model_n20_m3_k01_initial_nodes1_p0.58_iteration0
20,3,1,1,1,0.5833333333333333,0.9816498172140428,0.0,0.0,False,prices_model_n20_m3_k01_initial_nodes1_p0.58_iteration1
20,3,1,1,2,0.5833333333333333,0.9816498172140428,0.0,0.0,False,prices_model_n20_m3_k01_initial_nodes1_p0.58_iteration2
20,3,1,1,3,0.5833333333333333,0.9816498172140428,0.0,0.0,False,prices_model_n20_m3_k01_initial_nodes1_p0.58_iteration3
20,3,1,1,4,0.5833333333333333,0.9816498172140428,0.0,0.0,False,prices_model_n20_m3_k01_initial_nodes1_p0.58_iteration4
20,3,1,1,5,0.5833333333333333,0.9816498172140428,0.0,0.0,False,prices_model_n20_m3_k01_initial_nodes1_p0.58_iteration5
20,3,1,1,6,0.5833333333333333,0.9816498172140428,0.0,0.0,False,prices_model_n20_m3_k01_initial_nodes1_p0.58_iteration6
20,3,1,1,7,0.5833333333333333,0.9816498172140428,0.0,0.0,False,prices_model_n20_m3_k01_initial_nodes1_p0.58_iteration7
20,3,1,1,8,0.5833333333333333,0.9816498172140428,0.0,0.0,False,prices_model_n20_m3_k01_initial_nodes1_p0.58_iteration8
20,3,1,1,9,0.5833333333333333,0.9816498172140428,0.0,0.0,False,prices_model_n20_m3_k01_initial_nodes1_p0.58_iteration9
20,3,1,1,0,0.625,0.9816498172140428,0.0,0.0,False,prices_model_n20_m3_k01_initial_nodes1_p0.62_iteration0
20,3,1,1,1,0.625,0.9816498172140428,0.0,0.0,False,prices_model_n20_m3_k01_initial_nodes1_p0.62_iteration1
20,3,1,1,2,0.625,0.9816498172140428,0.0,0.0,False,prices_model_n20_m3_k01_initial_nodes1_p0.62_iteration2
20,3,1,1,3,0.625,0.9816498172140428,0.0,0.0,False,prices_model_n20_m3_k01_initial_nodes1_p0.62_iteration3
20,3,1,1,4,0.625,0.9816498172140428,0.0,0.0,False,prices_model_n20_m3_k01_initial_nodes1_p0.62_iteration4
20,3,1,1,5,0.625,0.9816498172140428,0.0,0.0,False,prices_model_n20_m3_k01_initial_nodes1_p0.62_iteration5
20,3,1,1,6,0.625,0.9816498172140428,0.0,0.0,False,prices_model_n20_m3_k01_initial_nodes1_p0.62_iteration6
20,3,1,1,7,0.625,0.9816498172140428,0.0,0.0,False,prices_model_n20_m3_k01_initial_nodes1_p0.62_iteration7
20,3,1,1,8,0.625,0.9816498172140428,0.0,0.0,False,prices_model_n20_m3_k01_initial_nodes1_p0.62_iteration8
20,3,1,1,9,0.625,0.9816498172140428,0.0,0.0,False,prices_model_n20_m3_k01_initial_nodes1_p0.62_iteration9
20,3,1,1,0,0.6666666666666666,0.9816498172140428,0.0,0.0,False,prices_model_n20_m3_k01_initial_nodes1_p0.67_iteration0
20,3,1,1,1,0.6666666666666666,0.9816498172140428,0.0,0.0,False,prices_model_n20_m3_k01_initial_nodes1_p0.67_iteration1
20,3,1,1,2,0.6666666666666666,0.9816498172140428,0.0,0.0,False,prices_model_n20_m3_k01_initial_nodes1_p0.67_iteration2
20,3,1,1,3,0.6666666666666666,0.9816498172140428,0.0,0.0,False,prices_model_n20_m3_k01_initial_nodes1_p0.67_iteration3
20,3,1,1,4,0.6666666666666666,0.9816498172140428,0.0,0.0,False,prices_model_n20_m3_k01_initial_nodes1_p0.67_iteration4
20,3,1,1,5,0.6666666666666666,0.9816498172140428,0.0,0.0,False,prices_model_n20_m3_k01_initial_nodes1_p0.67_iteration5
20,3,1,1,6,0.6666666666666666,0.9816498172140428,0.0,0.0,False,prices_model_n20_m3_k01_initial_nodes1_p0.67_iteration6
20,3,1,1,7,0.6666666666666666,0.9816498172140428,0.0,0.0,False,prices_model_n20_m3_k01_initial_nodes1_p0.67_iteration7
20,3,1,1,8,0.6666666666666666,0.9816498172140428,0.0,0.0,False,prices_model_n20_m3_k01_initial_nodes1_p0.67_iteration8
20,3,1,1,9,0.6666666666666666,0.9816498172140428,0.0,0.0,False,prices_model_n20_m3_k01_initial_nodes1_p0.67_iteration9
20,3,1,1,0,0.7083333333333333,0.9816498172140428,0.0,0.0,False,prices_model_n20_m3_k01_initial_nodes1_p0.71_iteration0
20,3,1,1,1,0.7083333333333333,0.9816498172140428,0.0,0.0,False,prices_model_n20_m3_k01_initial_nodes1_p0.71_iteration1
20,3,1,1,2,0.7083333333333333,0.9816498172140428,0.0,0.0,False,prices_model_n20_m3_k01_initial_nodes1_p0.71_iteration2
20,3,1,1,3,0.7083333333333333,0.9816498172140428,0.0,0.0,False,prices_model_n20_m3_k01_initial_nodes1_p0.71_iteration3
20,3,1,1,4,0.7083333333333333,0.9816498172140428,0.0,0.0,False,prices_model_n20_m3_k01_initial_nodes1_p0.71_iteration4
20,3,1,1,5,0.7083333333333333,0.9816498172140428,0.0,0.0,False,prices_model_n20_m3_k01_initial_nodes1_p0.71_iteration5
20,3,1,1,6,0.7083333333333333,0.9816498172140428,0.0,0.0,False,prices_model_n20_m3_k01_initial_nodes1_p0.71_iteration6
20,3,1,1,7,0.7083333333333333,0.9816498172140428,0.0,0.0,False,prices_model_n20_m3_k01_initial_nodes1_p0.71_iteration7
20,3,1,1,8,0.7083333333333333,0.9816498172140428,0.0,0.0,False,prices_model_n20_m3_k01_initial_nodes1_p0.71_iteration8
20,3,1,1,9,0.7083333333333333,0.9816498172140428,0.0,0.0,False,prices_model_n20_m3_k01_initial_nodes1_p0.71_iteration9
20,3,1,1,0,0.75,0.9816498172140428,0.0,0.0,False,prices_model_n20_m3_k01_initial_nodes1_p0.75_iteration0
20,3,1,1,1,0.75,0.9816498172140428,0.0,0.0,False,prices_model_n20_m3_k01_initial_nodes1_p0.75_iteration1
20,3,1,1,2,0.75,0.9816498172140428,0.0,0.0,False,prices_model_n20_m3_k01_initial_nodes1_p0.75_iteration2
20,3,1,1,3,0.75,0.9816498172140428,0.0,0.0,False,prices_model_n20_m3_k01_initial_nodes1_p0.75_iteration3
20,3,1,1,4,0.75,0.9816498172140428,0.0,0.0,False,prices_model_n20_m3_k01_initial_nodes1_p0.75_iteration4
20,3,1,1,5,0.75,0.9816498172140428,0.0,0.0,False,prices_model_n20_m3_k01_initial_nodes1_p0.75_iteration5
20,3,1,1,6,0.75,0.9816498172140428,0.0,0.0,False,prices_model_n20_m3_k01_initial_nodes1_p0.75_iteration6
20,3,1,1,7,0.75,0.9816498172140428,0.0,0.0,False,prices_model_n20_m3_k01_initial_nodes1_p0.75_iteration7
20,3,1,1,8,0.75,0.9816498172140428,0.0,0.0,False,prices_model_n20_m3_k01_initial_nodes1_p0.75_iteration8
20,3,1,1,9,0.75,0.9816498172140428,0.0,0.0,False,prices_model_n20_m3_k01_initial_nodes1_p0.75_iteration9
20,3,1,1,0,0.7916666666666666,0.9816498172140428,0.0,0.0,False,prices_model_n20_m3_k01_initial_nodes1_p0.79_iteration0
20,3,1,1,1,0.7916666666666666,0.9816498172140428,0.0,0.0,False,prices_model_n20_m3_k01_initial_nodes1_p0.79_iteration1
20,3,1,1,2,0.7916666666666666,0.9816498172140428,0.0,0.0,False,prices_model_n20_m3_k01_initial_nodes1_p0.79_iteration2
20,3,1,1,3,0.7916666666666666,0.9816498172140428,0.0,0.0,False,prices_model_n20_m3_k01_initial_nodes1_p0.79_iteration3
20,3,1,1,4,0.7916666666666666,0.9816498172140428,0.0,0.0,False,prices_model_n20_m3_k01_initial_nodes1_p0.79_iteration4
20,3,1,1,5,0.7916666666666666,0.9816498172140428,0.0,0.0,False,prices_model_n20_m3_k01_initial_nodes1_p0.79_iteration5
20,3,1,1,6,0.7916666666666666,0.9816498172140428,0.0,0.0,False,prices_model_n20_m3_k01_initial_nodes1_p0.79_iteration6
20,3,1,1,7,0.7916666666666666,0.9816498172140428,0.0,0.0,False,prices_model_n20_m3_k01_initial_nodes1_p0.79_iteration7
20,3,1,1,8,0.7916666666666666,0.9816498172140428,0.0,0.0,False,prices_model_n20_m3_k01_initial_nodes1_p0.79_iteration8
20,3,1,1,9,0.7916666666666666,0.9816498172140428,0.0,0.0,False,prices_model_n20_m3_k01_initial_nodes1_p0.79_iteration9
20,3,1,1,0,0.8333333333333333,0.9816498172140428,0.0,0.0,False,prices_model_n20_m3_k01_initial_nodes1_p0.83_iteration0
20,3,1,1,1,0.8333333333333333,0.9816498172140428,0.0,0.0,False,prices_model_n20_m3_k01_initial_nodes1_p0.83_iteration1
20,3,1,1,2,0.8333333333333333,0.9816498172140428,0.0,0.0,False,prices_model_n20_m3_k01_initial_nodes1_p0.83_iteration2
20,3,1,1,3,0.8333333333333333,0.9816498172140428,0.0,0.0,False,prices_model_n20_m3_k01_initial_nodes1_p0.83_iteration3
20,3,1,1,4,0.8333333333333333,0.9816498172140428,0.0,0.0,False,prices_model_n20_m3_k01_initial_nodes1_p0.83_iteration4
20,3,1,1,5,0.8333333333333333,0.9816498172140428,0.0,0.0,False,prices_model_n20_m3_k01_initial_nodes1_p0.83_iteration5
20,3,1,1,6,0.8333333333333333,0.9816498172140428,0.0,0.0,False,prices_model_n20_m3_k01_initial_nodes1_p0.83_iteration6
20,3,1,1,7,0.8333333333333333,0.9816498172140428,0.0,0.0,False,prices_model_n20_m3_k01_initial_nodes1_p0.83_iteration7
20,3,1,1,8,0.8333333333333333,0.9816498172140428,0.0,0.0,False,prices_model_n20_m3_k01_initial_nodes1_p0.83_iteration8
20,3,1,1,9,0.8333333333333333,0.9816498172140428,0.0,0.0,False,prices_model_n20_m3_k01_initial_nodes1_p0.83_iteration9
20,3,1,1,0,0.875,0.9816498172140428,0.0,0.0,False,prices_model_n20_m3_k01_initial_nodes1_p0.88_iteration0
20,3,1,1,1,0.875,0.9816498172140428,0.0,0.0,False,prices_model_n20_m3_k01_initial_nodes1_p0.88_iteration1
20,3,1,1,2,0.875,0.9816498172140428,0.0,0.0,False,prices_model_n20_m3_k01_initial_nodes1_p0.88_iteration2
20,3,1,1,3,0.875,0.9816498172140428,0.0,0.0,False,prices_model_n20_m3_k01_initial_nodes1_p0.88_iteration3
20,3,1,1,4,0.875,0.9816498172140428,0.0,0.0,False,prices_model_n20_m3_k01_initial_nodes1_p0.88_iteration4
20,3,1,1,5,0.875,0.9816498172140428,0.0,0.0,False,prices_model_n20_m3_k01_initial_nodes1_p0.88_iteration5
20,3,1,1,6,0.875,0.9816498172140428,0.0,0.0,False,prices_model_n20_m3_k01_initial_nodes1_p0.88_iteration6
20,3,1,1,7,0.875,0.9816498172140428,0.0,0.0,False,prices_model_n20_m3_k01_initial_nodes1_p0.88_iteration7
20,3,1,1,8,0.875,0.9816498172140428,0.0,0.0,False,prices_model_n20_m3_k01_initial_nodes1_p0.88_iteration8
20,3,1,1,9,0.875,0.9816498172140428,0.0,0.0,False,prices_model_n20_m3_k01_initial_nodes1_p0.88_iteration9
20,3,1,1,0,0.9166666666666666,0.9816498172140428,0.0,0.0,False,prices_model_n20_m3_k01_initial_nodes1_p0.92_iteration0
20,3,1,1,1,0.9166666666666666,0.9816498172140428,0.0,0.0,False,prices_model_n20_m3_k01_initial_nodes1_p0.92_iteration1
20,3,1,1,2,0.9166666666666666,0.9816498172140428,0.0,0.0,False,prices_model_n20_m3_k01_initial_nodes1_p0.92_iteration2
20,3,1,1,3,0.9166666666666666,0.9816498172140428,0.0,0.0,False,prices_model_n20_m3_k01_initial_nodes1_p0.92_iteration3
20,3,1,1,4,0.9166666666666666,0.9816498172140428,0.0,0.0,False,prices_model_n20_m3_k01_initial_nodes1_p0.92_iteration4
20,3,1,1,5,0.9166666666666666,0.9816498172140428,0.0,0.0,False,prices_model_n20_m3_k01_initial_nodes1_p0.92_iteration5
20,3,1,1,6,0.9166666666666666,0.9816498172140428,0.0,0.0,False,prices_model_n20_m3_k01_initial_nodes1_p0.92_iteration6
20,3,1,1,7,0.9166666666666666,0.9816498172140428,0.0,0.0,False,prices_model_n20_m3_k01_initial_nodes1_p0.92_iteration7
20,3,1,1,8,0.9166666666666666,0.9816498172140428,0.0,0.0,False,prices_model_n20_m3_k01_initial_nodes1_p0.92_iteration8
20,3,1,1,9,0.9166666666666666,0.9816498172140428,0.0,0.0,False,prices_model_n20_m3_k01_initial_nodes1_p0.92_iteration9
20,3,1,1,0,0.9583333333333333,0.9816498172140428,0.0,0.0,False,prices_model_n20_m3_k01_initial_nodes1_p0.96_iteration0
20,3,1,1,1,0.9583333333333333,0.9816498172140428,0.0,0.0,False,prices_model_n20_m3_k01_initial_nodes1_p0.96_iteration1
20,3,1,1,2,0.9583333333333333,0.9816498172140428,0.0,0.0,False,prices_model_n20_m3_k01_initial_nodes1_p0.96_iteration2
20,3,1,1,3,0.9583333333333333,0.9816498172140428,0.0,0.0,False,prices_model_n20_m3_k01_initial_nodes1_p0.96_iteration3
20,3,1,1,4,0.9583333333333333,0.9816498172140428,0.0,0.0,False,prices_model_n20_m3_k01_initial_nodes1_p0.96_iteration4
20,3,1,1,5,0.9583333333333333,0.9816498172140428,0.0,0.0,False,prices_model_n20_m3_k01_initial_nodes1_p0.96_iteration5
20,3,1,1,6,0.9583333333333333,0.9816498172140428,0.0,0.0,False,prices_model_n20_m3_k01_initial_nodes1_p0.96_iteration6
20,3,1,1,7,0.9583333333333333,0.9816498172140428,0.0,0.0,False,prices_model_n20_m3_k01_initial_nodes1_p0.96_iteration7
20,3,1,1,8,0.9583333333333333,0.9816498172140428,0.0,0.0,False,prices_model_n20_m3_k01_initial_nodes1_p0.96_iteration8
20,3,1,1,9,0.9583333333333333,0.9816498172140428,0.0,0.0,False,prices_model_n20_m3_k01_initial_nodes1_p0.96_iteration9
20,3,1,1,0,1.0,1.0,0.0,0.0,True,prices_model_n20_m3_k01_initial_nodes1_p1.0_iteration0
20,3,1,1,1,1.0,1.0,0.0,0.0,True,prices_model_n20_m3_k01_initial_nodes1_p1.0_iteration1
20,3,1,1,2,1.0,1.0,0.0,0.0,True,prices_model_n20_m3_k01_initial_nodes1_p1.0_iteration2
20,3,1,1,3,1.0,1.0,0.0,0.0,True,prices_model_n20_m3_k01_initial_nodes1_p1.0_iteration3
20,3,1,1,4,1.0,1.0,0.0,0.0,True,prices_model_n20_m3_k01_initial_nodes1_p1.0_iteration4
20,3,1,1,5,1.0,1.0,0.0,0.0,True,prices_model_n20_m3_k01_initial_nodes1_p1.0_iteration5
20,3,1,1,6,1.0,1.0,0.0,0.0,True,prices_model_n20_m3_k01_initial_nodes1_p1.0_iteration6
20,3,1,1,7,1.0,1.0,0.0,0.0,True,prices_model_n20_m3_k01_initial_nodes1_p1.0_iteration7
20,3,1,1,8,1.0,1.0,0.0,0.0,True,prices_model_n20_m3_k01_initial_nodes1_p1.0_iteration8
20,3,1,1,9,1.0,1.0,0.0,0.0,True,prices_model_n20_m3_k01_initial_nodes1_p1.0_iteration9
50,3,1,1,0,0.0,1.4048949503631345e-08,1.8525326974999592,1.0,False,prices_model_n50_m3_k01_initial_nodes1_p0.0_iteration0
50,3,1,1,1,0.0,0.0,1.881462962078592,1.0,False,prices_model_n50_m3_k01_initial_nodes1_p0.0_iteration1
50,3,1,1,2,0.0,2.809789900726269e-08,1.9027252429345876,1.0,False,prices_model_n50_m3_k01_initial_nodes1_p0.0_iteration2
50,3,1,1,3,0.0,0.0,1.89269983865142,1.0,False,prices_model_n50_m3_k01_initial_nodes1_p0.0_iteration3
50,3,1,1,4,0.0,0.0,1.909478941668343,1.0,False,prices_model_n50_m3_k01_initial_nodes1_p0.0_iteration4
50,3,1,1,5,0.0,0.0,1.8870421082280386,1.0,False,prices_model_n50_m3_k01_initial_nodes1_p0.0_iteration5
50,3,1,1,6,0.0,0.0,1.88882414290782,1.0,False,prices_model_n50_m3_k01_initial_nodes1_p0.0_iteration6
50,3,1,1,7,0.0,2.4333494333259047e-08,1.8593143107920984,1.0,False,prices_model_n50_m3_k01_initial_nodes1_p0.0_iteration7
50,3,1,1,8,0.0,0.0,1.8997266917115607,1.0,False,prices_model_n50_m3_k01_initial_nodes1_p0.0_iteration8
50,3,1,1,9,0.0,0.0,1.903187324757927,1.0,False,prices_model_n50_m3_k01_initial_nodes1_p0.0_iteration9
50,3,1,1,0,0.041666666666666664,3.1414406102581615e-08,1.9132895289337108,1.0,False,prices_model_n50_m3_k01_initial_nodes1_p0.04_iteration0
50,3,1,1,1,0.041666666666666664,0.0,1.8969054282968247,1.0,False,prices_model_n50_m3_k01_initial_nodes1_p0.04_iteration1
50,3,1,1,2,0.041666666666666664,0.0,1.9156054313358508,1.0,False,prices_model_n50_m3_k01_initial_nodes1_p0.04_iteration2
50,3,1,1,3,0.041666666666666664,0.0,1.9096434773326854,1.0,False,prices_model_n50_m3_k01_initial_nodes1_p0.04_iteration3
50,3,1,1,4,0.041666666666666664,0.0,1.9345869010713042,1.0,False,prices_model_n50_m3_k01_initial_nodes1_p0.04_iteration4
50,3,1,1,5,0.041666666666666664,0.0,1.889734260240564,1.0,False,prices_model_n50_m3_k01_initial_nodes1_p0.04_iteration5
50,3,1,1,6,0.041666666666666664,0.0,1.8796265114199968,1.0,False,prices_model_n50_m3_k01_initial_nodes1_p0.04_iteration6
50,3,1,1,7,0.041666666666666664,2.4333494333259047e-08,1.9194964795320981,1.0,False,prices_model_n50_m3_k01_initial_nodes1_p0.04_iteration7
50,3,1,1,8,0.041666666666666664,0.0,1.885273379529537,1.0,False,prices_model_n50_m3_k01_initial_nodes1_p0.04_iteration8
50,3,1,1,9,0.041666666666666664,0.0,1.8933795493598249,1.0,False,prices_model_n50_m3_k01_initial_nodes1_p0.04_iteration9
50,3,1,1,0,0.08333333333333333,0.23236883706687003,1.8653413232453482,0.9971932126100184,False,prices_model_n50_m3_k01_initial_nodes1_p0.08_iteration0
50,3,1,1,1,0.08333333333333333,0.24052518121089306,1.876132468040858,1.0000478187388229,False,prices_model_n50_m3_k01_initial_nodes1_p0.08_iteration1
50,3,1,1,2,0.08333333333333333,0.25492506881084803,1.874516362884896,0.9960038180618036,False,prices_model_n50_m3_k01_initial_nodes1_p0.08_iteration2
50,3,1,1,3,0.08333333333333333,0.20766284165039423,1.8787751957651915,0.9973626766102283,False,prices_model_n50_m3_k01_initial_nodes1_p0.08_iteration3
50,3,1,1,4,0.08333333333333333,0.20733180658657205,1.8796349162102493,0.9977274232281947,False,prices_model_n50_m3_k01_initial_nodes1_p0.08_iteration4
50,3,1,1,5,0.08333333333333333,0.22262296140362292,1.880475779796248,0.9964060438483452,False,prices_model_n50_m3_k01_initial_nodes1_p0.08_iteration5
50,3,1,1,6,0.08333333333333333,0.31286297522249307,1.8760831589332185,0.9860497746218628,False,prices_model_n50_m3_k01_initial_nodes1_p0.08_iteration6
50,3,1,1,7,0.08333333333333333,0.14529247658486433,1.8587197104605637,0.9999594484287191,False,prices_model_n50_m3_k01_initial_nodes1_p0.08_iteration7
50,3,1,1,8,0.08333333333333333,0.19826666402705365,1.8703632576346902,0.9987583701222769,False,prices_model_n50_m3_k01_initial_nodes1_p0.08_iteration8
50,3,1,1,9,0.08333333333333333,0.15728495641042325,1.8660822532054133,0.9974414863091805,False,prices_model_n50_m3_k01_initial_nodes1_p0.08_iteration9
50,3,1,1,0,0.125,0.4690298529234413,1.78017012877151,0.9532093708751115,False,prices_model_n50_m3_k01_initial_nodes1_p0.12_iteration0
50,3,1,1,1,0.125,0.5072268423016035,1.7886309897645638,0.9401327987661288,False,prices_model_n50_m3_k01_initial_nodes1_p0.12_iteration1
50,3,1,1,2,0.125,0.431728290698554,1.79539007599025,0.9704259609445972,False,prices_model_n50_m3_k01_initial_nodes1_p0.12_iteration2
50,3,1,1,3,0.125,0.44847535580031384,1.7880017328690418,0.9595857612646852,False,prices_model_n50_m3_k01_initial_nodes1_p0.12_iteration3
50,3,1,1,4,0.125,0.46207893608591355,1.7981205093643904,0.9508600871991933,False,prices_model_n50_m3_k01_initial_nodes1_p0.12_iteration4
50,3,1,1,5,0.125,0.4426158961559686,1.7893495362174987,0.9612958319156645,False,prices_model_n50_m3_k01_initial_nodes1_p0.12_iteration5
50,3,1,1,6,0.125,0.4269091588360682,1.7936525528746063,0.9674306832140372,False,prices_model_n50_m3_k01_initial_nodes1_p0.12_iteration6
50,3,1,1,7,0.125,0.4670564274354371,1.7862187457509069,0.9575501433267833,False,prices_model_n50_m3_k01_initial_nodes1_p0.12_iteration7
50,3,1,1,8,0.125,0.40741264285804185,1.7871200532168345,0.9730376907222629,False,prices_model_n50_m3_k01_initial_nodes1_p0.12_iteration8
50,3,1,1,9,0.125,0.4680973512107178,1.7883269033072173,0.9555849949083103,False,prices_model_n50_m3_k01_initial_nodes1_p0.12_iteration9
50,3,1,1,0,0.16666666666666666,0.6064746205646309,1.5902323670629757,0.8669133105526574,False,prices_model_n50_m3_k01_initial_nodes1_p0.17_iteration0
50,3,1,1,1,0.16666666666666666,0.6269738129491274,1.5908085553211353,0.8601434467898383,False,prices_model_n50_m3_k01_initial_nodes1_p0.17_iteration1
50,3,1,1,2,0.16666666666666666,0.6078703233803563,1.5950250951657696,0.8693751959031816,False,prices_model_n50_m3_k01_initial_nodes1_p0.17_iteration2
50,3,1,1,3,0.16666666666666666,0.6143135008645916,1.5860253377347346,0.8610212902079669,False,prices_model_n50_m3_k01_initial_nodes1_p0.17_iteration3
50,3,1,1,4,0.16666666666666666,0.6398915088228899,1.5958414590419503,0.8487503716498309,False,prices_model_n50_m3_k01_initial_nodes1_p0.17_iteration4
50,3,1,1,5,0.16666666666666666,0.6382557860642921,1.5980032942648354,0.8546937276910307,False,prices_model_n50_m3_k01_initial_nodes1_p0.17_iteration5
50,3,1,1,6,0.16666666666666666,0.6022682655064052,1.5921319288820974,0.8726457326116087,False,prices_model_n50_m3_k01_initial_nodes1_p0.17_iteration6
50,3,1,1,7,0.16666666666666666,0.653978579007039,1.5860488666259824,0.8482252299926042,False,prices_model_n50_m3_k01_initial_nodes1_p0.17_iteration7
50,3,1,1,8,0.16666666666666666,0.6324317360497207,1.5964831532687025,0.8505851832045568,False,prices_model_n50_m3_k01_initial_nodes1_p0.17_iteration8
50,3,1,1,9,0.16666666666666666,0.6158542031138864,1.5892138688773365,0.8599233013877341,False,prices_model_n50_m3_k01_initial_nodes1_p0.17_iteration9
50,3,1,1,0,0.20833333333333331,0.7812052254430311,1.3822669859490984,0.7200140240681854,False,prices_model_n50_m3_k01_initial_nodes1_p0.21_iteration0
50,3,1,1,1,0.20833333333333331,0.7566482441755281,1.3857451385971273,0.740164340633823,False,prices_model_n50_m3_k01_initial_nodes1_p0.21_iteration1
50,3,1,1,2,0.20833333333333331,0.7584332444276892,1.3818157257383785,0.7285837506072264,False,prices_model_n50_m3_k01_initial_nodes1_p0.21_iteration2
50,3,1,1,3,0.20833333333333331,0.7700052583768716,1.3862895422962922,0.7230840709951304,False,prices_model_n50_m3_k01_initial_nodes1_p0.21_iteration3
50,3,1,1,4,0.20833333333333331,0.7521515625409707,1.3862825959353628,0.734117638157972,False,prices_model_n50_m3_k01_initial_nodes1_p0.21_iteration4
50,3,1,1,5,0.20833333333333331,0.7716778429656247,1.382959074406151,0.721613123324936,False,prices_model_n50_m3_k01_initial_nodes1_p0.21_iteration5
50,3,1,1,6,0.20833333333333331,0.7531194107246632,1.386280954378413,0.7404800959418882,False,prices_model_n50_m3_k01_initial_nodes1_p0.21_iteration6
50,3,1,1,7,0.20833333333333331,0.7329734928795313,1.386289124487708,0.7359201702713766,False,prices_model_n50_m3_k01_initial_nodes1_p0.21_iteration7
50,3,1,1,8,0.20833333333333331,0.7664920662718062,1.3860297311685352,0.741242429673626,False,prices_model_n50_m3_k01_initial_nodes1_p0.21_iteration8
50,3,1,1,9,0.20833333333333331,0.7688566360015867,1.3862916724264553,0.7302607039493865,False,prices_model_n50_m3_k01_initial_nodes1_p0.21_iteration9
50,3,1,1,0,0.25,0.9591663046625439,1.0986122886681098,0.5591376266015788,False,prices_model_n50_m3_k01_initial_nodes1_p0.25_iteration0
50,3,1,1,1,0.25,0.9591663046625439,1.0986122886681098,0.5590810547505058,False,prices_model_n50_m3_k01_initial_nodes1_p0.25_iteration1
50,3,1,1,2,0.25,0.9591663046625439,1.0986122886681098,0.538612279656164,False,prices_model_n50_m3_k01_initial_nodes1_p0.25_iteration2
50,3,1,1,3,0.25,0.9591663046625439,1.0986122886681098,0.5572250509516196,False,prices_model_n50_m3_k01_initial_nodes1_p0.25_iteration3
50,3,1,1,4,0.25,0.9591663046625439,1.0986122886681098,0.5516247389984178,False,prices_model_n50_m3_k01_initial_nodes1_p0.25_iteration4
50,3,1,1,5,0.25,0.9591663046625439,1.0986122886681098,0.5603347490517154,False,prices_model_n50_m3_k01_initial_nodes1_p0.25_iteration5
50,3,1,1,6,0.25,0.9591663046625439,1.0986122886681098,0.5399988675946626,False,prices_model_n50_m3_k01_initial_nodes1_p0.25_iteration6
50,3,1,1,7,0.25,0.9591663046625439,1.0986122886681098,0.5524442535342062,False,prices_model_n50_m3_k01_initial_nodes1_p0.25_iteration7
50,3,1,1,8,0.25,0.9591663046625439,1.0986122886681098,0.5492833601801298,False,prices_model_n50_m3_k01_initial_nodes1_p0.25_iteration8
50,3,1,1,9,0.25,0.9591663046625439,1.0986122886681098,0.5461664514652823,False,prices_model_n50_m3_k01_initial_nodes1_p0.25_iteration9
50,3,1,1,0,0.29166666666666663,0.9591663046625439,1.0986122886681098,0.5576896421422802,False,prices_model_n50_m3_k01_initial_nodes1_p0.29_iteration0
50,3,1,1,1,0.29166666666666663,0.9591663046625439,1.0986122886681098,0.5464735659195038,False,prices_model_n50_m3_k01_initial_nodes1_p0.29_iteration1
50,3,1,1,2,0.29166666666666663,0.9591663046625439,1.0986122886681098,0.5487998106680169,False,prices_model_n50_m3_k01_initial_nodes1_p0.29_iteration2
50,3,1,1,3,0.29166666666666663,0.9591663046625439,1.0986122886681098,0.5654191340733189,False,prices_model_n50_m3_k01_initial_nodes1_p0.29_iteration3
50,3,1,1,4,0.29166666666666663,0.9591663046625439,1.0986122886681098,0.5404221721147258,False,prices_model_n50_m3_k01_initial_nodes1_p0.29_iteration4
50,3,1,1,5,0.29166666666666663,0.9591663046625439,1.0986122886681098,0.5548839739905463,False,prices_model_n50_m3_k01_initial_nodes1_p0.29_iteration5
50,3,1,1,6,0.29166666666666663,0.9591663046625439,1.0986122886681098,0.5554700223600968,False,prices_model_n50_m3_k01_initial_nodes1_p0.29_iteration6
50,3,1,1,7,0.29166666666666663,0.9591663046625439,1.0986122886681098,0.5505227938157318,False,prices_model_n50_m3_k01_initial_nodes1_p0.29_iteration7
50,3,1,1,8,0.29166666666666663,0.9591663046625439,1.0986122886681098,0.5548818373126122,False,prices_model_n50_m3_k01_initial_nodes1_p0.29_iteration8
50,3,1,1,9,0.29166666666666663,0.9591663046625439,1.0986122886681098,0.5556678424400575,False,prices_model_n50_m3_k01_initial_nodes1_p0.29_iteration9
50,3,1,1,0,0.3333333333333333,0.9793792286287206,0.6931471805599452,0.3553419399311091,False,prices_model_n50_m3_k01_initial_nodes1_p0.33_iteration0
50,3,1,1,1,0.3333333333333333,0.9793792286287206,0.6931471805599452,0.34504191281750707,False,prices_model_n50_m3_k01_initial_nodes1_p0.33_iteration1
50,3,1,1,2,0.3333333333333333,0.9793792286287206,0.6931471805599452,0.35403712544886307,False,prices_model_n50_m3_k01_initial_nodes1_p0.33_iteration2
50,3,1,1,3,0.3333333333333333,0.9793792286287206,0.6931471805599452,0.3530354661484318,False,prices_model_n50_m3_k01_initial_nodes1_p0.33_iteration3
50,3,1,1,4,0.3333333333333333,0.9793792286287206,0.6931471805599452,0.35252930946045546,False,prices_model_n50_m3_k01_initial_nodes1_p0.33_iteration4
50,3,1,1,5,0.3333333333333333,0.9793792286287206,0.6931471805599452,0.35209588907864714,False,prices_model_n50_m3_k01_initial_nodes1_p0.33_iteration5
50,3,1,1,6,0.3333333333333333,0.9793792286287206,0.6931471805599452,0.3542862159015362,False,prices_model_n50_m3_k01_initial_nodes1_p0.33_iteration6
50,3,1,1,7,0.3333333333333333,0.9793792286287206,0.6931471805599452,0.3441497717560383,False,prices_model_n50_m3_k01_initial_nodes1_p0.33_iteration7
50,3,1,1,8,0.3333333333333333,0.9793792286287206,0.6931471805599452,0.3574132178098138,False,prices_model_n50_m3_k01_initial_nodes1_p0.33_iteration8
50,3,1,1,9,0.3333333333333333,0.9793792286287206,0.6931471805599452,0.35253990125941337,False,prices_model_n50_m3_k01_initial_nodes1_p0.33_iteration9
50,3,1,1,0,0.375,0.9793792286287206,0.6931471805599452,0.35290903736719065,False,prices_model_n50_m3_k01_initial_nodes1_p0.38_iteration0
50,3,1,1,1,0.375,0.9793792286287206,0.6931471805599452,0.3470730659070687,False,prices_model_n50_m3_k01_initial_nodes1_p0.38_iteration1
50,3,1,1,2,0.375,0.9793792286287206,0.6931471805599452,0.3464031123240983,False,prices_model_n50_m3_k01_initial_nodes1_p0.38_iteration2
50,3,1,1,3,0.375,0.9793792286287206,0.6931471805599452,0.35606794848641404,False,prices_model_n50_m3_k01_initial_nodes1_p0.38_iteration3
50,3,1,1,4,0.375,0.9793792286287206,0.6931471805599452,0.35016579639265044,False,prices_model_n50_m3_k01_initial_nodes1_p0.38_iteration4
50,3,1,1,5,0.375,0.9793792286287206,0.6931471805599452,0.3524317412848658,False,prices_model_n50_m3_k01_initial_nodes1_p0.38_iteration5
50,3,1,1,6,0.375,0.9793792286287206,0.6931471805599452,0.34421561836139236,False,prices_model_n50_m3_k01_initial_nodes1_p0.38_iteration6
50,3,1,1,7,0.375,0.9793792286287206,0.6931471805599452,0.35500451161494667,False,prices_model_n50_m3_k01_initial_nodes1_p0.38_iteration7
50,3,1,1,8,0.375,0.9793792286287206,0.6931471805599452,0.3542507221691658,False,prices_model_n50_m3_k01_initial_nodes1_p0.38_iteration8
50,3,1,1,9,0.375,0.9793792286287206,0.6931471805599452,0.3474576328914476,False,prices_model_n50_m3_k01_initial_nodes1_p0.38_iteration9
50,3,1,1,0,0.41666666666666663,0.9793792286287206,0.6931471805599452,0.3494718671288867,False,prices_model_n50_m3_k01_initial_nodes1_p0.42_iteration0
50,3,1,1,1,0.41666666666666663,0.9793792286287206,0.6931471805599452,0.3512329503159717,False,prices_model_n50_m3_k01_initial_nodes1_p0.42_iteration1
50,3,1,1,2,0.41666666666666663,0.9793792286287206,0.6931471805599452,0.3496436833458905,False,prices_model_n50_m3_k01_initial_nodes1_p0.42_iteration2
50,3,1,1,3,0.41666666666666663,0.9793792286287206,0.6931471805599452,0.3494039649596642,False,prices_model_n50_m3_k01_initial_nodes1_p0.42_iteration3
50,3,1,1,4,0.41666666666666663,0.9793792286287206,0.6931471805599452,0.35182103074818666,False,prices_model_n50_m3_k01_initial_nodes1_p0.42_iteration4
50,3,1,1,5,0.41666666666666663,0.9793792286287206,0.6931471805599452,0.3544590711687437,False,prices_model_n50_m3_k01_initial_nodes1_p0.42_iteration5
50,3,1,1,6,0.41666666666666663,0.9793792286287206,0.6931471805599452,0.34790265548822175,False,prices_model_n50_m3_k01_initial_nodes1_p0.42_iteration6
50,3,1,1,7,0.41666666666666663,0.9793792286287206,0.6931471805599452,0.34546243440789653,False,prices_model_n50_m3_k01_initial_nodes1_p0.42_iteration7
50,3,1,1,8,0.41666666666666663,0.9793792286287206,0.6931471805599452,0.3502089579552867,False,prices_model_n50_m3_k01_initial_nodes1_p0.42_iteration8
50,3,1,1,9,0.41666666666666663,0.9793792286287206,0.6931471805599452,0.3502813680787948,False,prices_model_n50_m3_k01_initial_nodes1_p0.42_iteration9
50,3,1,1,0,0.4583333333333333,0.9793792286287206,0.6931471805599452,0.3489804363892595,False,prices_model_n50_m3_k01_initial_nodes1_p0.46_iteration0
50,3,1,1,1,0.4583333333333333,0.9793792286287206,0.6931471805599452,0.34845330324740054,False,prices_model_n50_m3_k01_initial_nodes1_p0.46_iteration1
50,3,1,1,2,0.4583333333333333,0.9793792286287206,0.6931471805599452,0.3401073812417619,False,prices_model_n50_m3_k01_initial_nodes1_p0.46_iteration2
50,3,1,1,3,0.4583333333333333,0.9793792286287206,0.6931471805599452,0.35596224456711645,False,prices_model_n50_m3_k01_initial_nodes1_p0.46_iteration3
50,3,1,1,4,0.4583333333333333,0.9793792286287206,0.6931471805599452,0.345092980270855,False,prices_model_n50_m3_k01_initial_nodes1_p0.46_iteration4
50,3,1,1,5,0.4583333333333333,0.9793792286287206,0.6931471805599452,0.34790374086201553,False,prices_model_n50_m3_k01_initial_nodes1_p0.46_iteration5
50,3,1,1,6,0.4583333333333333,0.9793792286287206,0.6931471805599452,0.3547627992208007,False,prices_model_n50_m3_k01_initial_nodes1_p0.46_iteration6
50,3,1,1,7,0.4583333333333333,0.9793792286287206,0.6931471805599452,0.3540310094664782,False,prices_model_n50_m3_k01_initial_nodes1_p0.46_iteration7
50,3,1,1,8,0.4583333333333333,0.9793792286287206,0.6931471805599452,0.3389689148903687,False,prices_model_n50_m3_k01_initial_nodes1_p0.46_iteration8
50,3,1,1,9,0.4583333333333333,0.9793792286287206,0.6931471805599452,0.3533829133531543,False,prices_model_n50_m3_k01_initial_nodes1_p0.46_iteration9
50,3,1,1,0,0.5,0.9930795016269967,0.0,0.0,False,prices_model_n50_m3_k01_initial_nodes1_p0.5_iteration0
50,3,1,1,1,0.5,0.9930795016269967,0.0,0.0,False,prices_model_n50_m3_k01_initial_nodes1_p0.5_iteration1
50,3,1,1,2,0.5,0.9930795016269967,0.0,0.0,False,prices_model_n50_m3_k01_initial_nodes1_p0.5_iteration2
50,3,1,1,3,0.5,0.9930795016269967,0.0,0.0,False,prices_model_n50_m3_k01_initial_nodes1_p0.5_iteration3
50,3,1,1,4,0.5,0.9930795016269967,0.0,0.0,False,prices_model_n50_m3_k01_initial_nodes1_p0.5_iteration4
50,3,1,1,5,0.5,0.9930795016269967,0.0,0.0,False,prices_model_n50_m3_k01_initial_nodes1_p0.5_iteration5
50,3,1,1,6,0.5,0.9930795016269967,0.0,0.0,False,prices_model_n50_m3_k01_initial_nodes1_p0.5_iteration6
50,3,1,1,7,0.5,0.9930795016269967,0.0,0.0,False,prices_model_n50_m3_k01_initial_nodes1_p0.5_iteration7
50,3,1,1,8,0.5,0.9930795016269967,0.0,0.0,False,prices_model_n50_m3_k01_initial_nodes1_p0.5_iteration8
50,3,1,1,9,0.5,0.9930795016269967,0.0,0.0,False,prices_model_n50_m3_k01_initial_nodes1_p0.5_iteration9
50,3,1,1,0,0.5416666666666666,0.9930795016269967,0.0,0.0,False,prices_model_n50_m3_k01_initial_nodes1_p0.54_iteration0
50,3,1,1,1,0.5416666666666666,0.9930795016269967,0.0,0.0,False,prices_model_n50_m3_k01_initial_nodes1_p0.54_iteration1
50,3,1,1,2,0.5416666666666666,0.9930795016269967,0.0,0.0,False,prices_model_n50_m3_k01_initial_nodes1_p0.54_iteration2
50,3,1,1,3,0.5416666666666666,0.9930795016269967,0.0,0.0,False,prices_model_n50_m3_k01_initial_nodes1_p0.54_iteration3
50,3,1,1,4,0.5416666666666666,0.9930795016269967,0.0,0.0,False,prices_model_n50_m3_k01_initial_nodes1_p0.54_iteration4
50,3,1,1,5,0.5416666666666666,0.9930795016269967,0.0,0.0,False,prices_model_n50_m3_k01_initial_nodes1_p0.54_iteration5
50,3,1,1,6,0.5416666666666666,0.9930795016269967,0.0,0.0,False,prices_model_n50_m3_k01_initial_nodes1_p0.54_iteration6
50,3,1,1,7,0.5416666666666666,0.9930795016269967,0.0,0.0,False,prices_model_n50_m3_k01_initial_nodes1_p0.54_iteration7
50,3,1,1,8,0.5416666666666666,0.9930795016269967,0.0,0.0,False,prices_model_n50_m3_k01_initial_nodes1_p0.54_iteration8
50,3,1,1,9,0.5416666666666666,0.9930795016269967,0.0,0.0,False,prices_model_n50_m3_k01_initial_nodes1_p0.54_iteration9
50,3,1,1,0,0.5833333333333333,0.9930795016269967,0.0,0.0,False,prices_model_n50_m3_k01_initial_nodes1_p0.58_iteration0
50,3,1,1,1,0.5833333333333333,0.9930795016269967,0.0,0.0,False,prices_model_n50_m3_k01_initial_nodes1_p0.58_iteration1
50,3,1,1,2,0.5833333333333333,0.9930795016269967,0.0,0.0,False,prices_model_n50_m3_k01_initial_nodes1_p0.58_iteration2
50,3,1,1,3,0.5833333333333333,0.9930795016269967,0.0,0.0,False,prices_model_n50_m3_k01_initial_nodes1_p0.58_iteration3
50,3,1,1,4,0.5833333333333333,0.9930795016269967,0.0,0.0,False,prices_model_n50_m3_k01_initial_nodes1_p0.58_iteration4
50,3,1,1,5,0.5833333333333333,0.9930795016269967,0.0,0.0,False,prices_model_n50_m3_k01_initial_nodes1_p0.58_iteration5
50,3,1,1,6,0.5833333333333333,0.9930795016269967,0.0,0.0,False,prices_model_n50_m3_k01_initial_nodes1_p0.58_iteration6
50,3,1,1,7,0.5833333333333333,0.9930795016269967,0.0,0.0,False,prices_model_n50_m3_k01_initial_nodes1_p0.58_iteration7
50,3,1,1,8,0.5833333333333333,0.9930795016269967,0.0,0.0,False,prices_model_n50_m3_k01_initial_nodes1_p0.58_iteration8
50,3,1,1,9,0.5833333333333333,0.9930795016269967,0.0,0.0,False,prices_model_n50_m3_k01_initial_nodes1_p0.58_iteration9
50,3,1,1,0,0.625,0.9930795016269967,0.0,0.0,False,prices_model_n50_m3_k01_initial_nodes1_p0.62_iteration0
50,3,1,1,1,0.625,0.9930795016269967,0.0,0.0,False,prices_model_n50_m3_k01_initial_nodes1_p0.62_iteration1
50,3,1,1,2,0.625,0.9930795016269967,0.0,0.0,False,prices_model_n50_m3_k01_initial_nodes1_p0.62_iteration2
50,3,1,1,3,0.625,0.9930795016269967,0.0,0.0,False,prices_model_n50_m3_k01_initial_nodes1_p0.62_iteration3
50,3,1,1,4,0.625,0.9930795016269967,0.0,0.0,False,prices_model_n50_m3_k01_initial_nodes1_p0.62_iteration4
50,3,1,1,5,0.625,0.9930795016269967,0.0,0.0,False,prices_model_n50_m3_k01_initial_nodes1_p0.62_iteration5
50,3,1,1,6,0.625,0.9930795016269967,0.0,0.0,False,prices_model_n50_m3_k01_initial_nodes1_p0.62_iteration6
50,3,1,1,7,0.625,0.9930795016269967,0.0,0.0,False,prices_model_n50_m3_k01_initial_nodes1_p0.62_iteration7
50,3,1,1,8,0.625,0.9930795016269967,0.0,0.0,False,prices_model_n50_m3_k01_initial_nodes1_p0.62_iteration8
50,3,1,1,9,0.625,0.9930795016269967,0.0,0.0,False,prices_model_n50_m3_k01_initial_nodes1_p0.62_iteration9
50,3,1,1,0,0.6666666666666666,0.9930795016269967,0.0,0.0,False,prices_model_n50_m3_k01_initial_nodes1_p0.67_iteration0
50,3,1,1,1,0.6666666666666666,0.9930795016269967,0.0,0.0,False,prices_model_n50_m3_k01_initial_nodes1_p0.67_iteration1
50,3,1,1,2,0.6666666666666666,0.9930795016269967,0.0,0.0,False,prices_model_n50_m3_k01_initial_nodes1_p0.67_iteration2
50,3,1,1,3,0.6666666666666666,0.9930795016269967,0.0,0.0,False,prices_model_n50_m3_k01_initial_nodes1_p0.67_iteration3
50,3,1,1,4,0.6666666666666666,0.9930795016269967,0.0,0.0,False,prices_model_n50_m3_k01_initial_nodes1_p0.67_iteration4
50,3,1,1,5,0.6666666666666666,0.9930795016269967,0.0,0.0,False,prices_model_n50_m3_k01_initial_nodes1_p0.67_iteration5
50,3,1,1,6,0.6666666666666666,0.9930795016269967,0.0,0.0,False,prices_model_n50_m3_k01_initial_nodes1_p0.67_iteration6
50,3,1,1,7,0.6666666666666666,0.9930795016269967,0.0,0.0,False,prices_model_n50_m3_k01_initial_nodes1_p0.67_iteration7
50,3,1,1,8,0.6666666666666666,0.9930795016269967,0.0,0.0,False,prices_model_n50_m3_k01_initial_nodes1_p0.67_iteration8
50,3,1,1,9,0.6666666666666666,0.9930795016269967,0.0,0.0,False,prices_model_n50_m3_k01_initial_nodes1_p0.67_iteration9
50,3,1,1,0,0.7083333333333333,0.9930795016269967,0.0,0.0,False,prices_model_n50_m3_k01_initial_nodes1_p0.71_iteration0
50,3,1,1,1,0.7083333333333333,0.9930795016269967,0.0,0.0,False,prices_model_n50_m3_k01_initial_nodes1_p0.71_iteration1
50,3,1,1,2,0.7083333333333333,0.9930795016269967,0.0,0.0,False,prices_model_n50_m3_k01_initial_nodes1_p0.71_iteration2
50,3,1,1,3,0.7083333333333333,0.9930795016269967,0.0,0.0,False,prices_model_n50_m3_k01_initial_nodes1_p0.71_iteration3
50,3,1,1,4,0.7083333333333333,0.9930795016269967,0.0,0.0,False,prices_model_n50_m3_k01_initial_nodes1_p0.71_iteration4
50,3,1,1,5,0.7083333333333333,0.9930795016269967,0.0,0.0,False,prices_model_n50_m3_k01_initial_nodes1_p0.71_iteration5
50,3,1,1,6,0.7083333333333333,0.9930795016269967,0.0,0.0,False,prices_model_n50_m3_k01_initial_nodes1_p0.71_iteration6
50,3,1,1,7,0.7083333333333333,0.9930795016269967,0.0,0.0,False,prices_model_n50_m3_k01_initial_nodes1_p0.71_iteration7
50,3,1,1,8,0.7083333333333333,0.9930795016269967,0.0,0.0,False,prices_model_n50_m3_k01_initial_nodes1_p0.71_iteration8
50,3,1,1,9,0.7083333333333333,0.9930795016269967,0.0,0.0,False,prices_model_n50_m3_k01_initial_nodes1_p0.71_iteration9
50,3,1,1,0,0.75,0.9930795016269967,0.0,0.0,False,prices_model_n50_m3_k01_initial_nodes1_p0.75_iteration0
50,3,1,1,1,0.75,0.9930795016269967,0.0,0.0,False,prices_model_n50_m3_k01_initial_nodes1_p0.75_iteration1
50,3,1,1,2,0.75,0.9930795016269967,0.0,0.0,False,prices_model_n50_m3_k01_initial_nodes1_p0.75_iteration2
50,3,1,1,3,0.75,0.9930795016269967,0.0,0.0,False,prices_model_n50_m3_k01_initial_nodes1_p0.75_iteration3
50,3,1,1,4,0.75,0.9930795016269967,0.0,0.0,False,prices_model_n50_m3_k01_initial_nodes1_p0.75_iteration4
50,3,1,1,5,0.75,0.9930795016269967,0.0,0.0,False,prices_model_n50_m3_k01_initial_nodes1_p0.75_iteration5
50,3,1,1,6,0.75,0.9930795016269967,0.0,0.0,False,prices_model_n50_m3_k01_initial_nodes1_p0.75_iteration6
50,3,1,1,7,0.75,0.9930795016269967,0.0,0.0,False,prices_model_n50_m3_k01_initial_nodes1_p0.75_iteration7
50,3,1,1,8,0.75,0.9930795016269967,0.0,0.0,False,prices_model_n50_m3_k01_initial_nodes1_p0.75_iteration8
50,3,1,1,9,0.75,0.9930795016269967,0.0,0.0,False,prices_model_n50_m3_k01_initial_nodes1_p0.75_iteration9
50,3,1,1,0,0.7916666666666666,0.9930795016269967,0.0,0.0,False,prices_model_n50_m3_k01_initial_nodes1_p0.79_iteration0
50,3,1,1,1,0.7916666666666666,0.9930795016269967,0.0,0.0,False,prices_model_n50_m3_k01_initial_nodes1_p0.79_iteration1
50,3,1,1,2,0.7916666666666666,0.9930795016269967,0.0,0.0,False,prices_model_n50_m3_k01_initial_nodes1_p0.79_iteration2
50,3,1,1,3,0.7916666666666666,0.9930795016269967,0.0,0.0,False,prices_model_n50_m3_k01_initial_nodes1_p0.79_iteration3
50,3,1,1,4,0.7916666666666666,0.9930795016269967,0.0,0.0,False,prices_model_n50_m3_k01_initial_nodes1_p0.79_iteration4
50,3,1,1,5,0.7916666666666666,0.9930795016269967,0.0,0.0,False,prices_model_n50_m3_k01_initial_nodes1_p0.79_iteration5
50,3,1,1,6,0.7916666666666666,0.9930795016269967,0.0,0.0,False,prices_model_n50_m3_k01_initial_nodes1_p0.79_iteration6
50,3,1,1,7,0.7916666666666666,0.9930795016269967,0.0,0.0,False,prices_model_n50_m3_k01_initial_nodes1_p0.79_iteration7
50,3,1,1,8,0.7916666666666666,0.9930795016269967,0.0,0.0,False,prices_model_n50_m3_k01_initial_nodes1_p0.79_iteration8
50,3,1,1,9,0.7916666666666666,0.9930795016269967,0.0,0.0,False,prices_model_n50_m3_k01_initial_nodes1_p0.79_iteration9
50,3,1,1,0,0.8333333333333333,0.9930795016269967,0.0,0.0,False,prices_model_n50_m3_k01_initial_nodes1_p0.83_iteration0
50,3,1,1,1,0.8333333333333333,0.9930795016269967,0.0,0.0,False,prices_model_n50_m3_k01_initial_nodes1_p0.83_iteration1
50,3,1,1,2,0.8333333333333333,0.9930795016269967,0.0,0.0,False,prices_model_n50_m3_k01_initial_nodes1_p0.83_iteration2
50,3,1,1,3,0.8333333333333333,0.9930795016269967,0.0,0.0,False,prices_model_n50_m3_k01_initial_nodes1_p0.83_iteration3
50,3,1,1,4,0.8333333333333333,0.9930795016269967,0.0,0.0,False,prices_model_n50_m3_k01_initial_nodes1_p0.83_iteration4
50,3,1,1,5,0.8333333333333333,0.9930795016269967,0.0,0.0,False,prices_model_n50_m3_k01_initial_nodes1_p0.83_iteration5
50,3,1,1,6,0.8333333333333333,0.9930795016269967,0.0,0.0,False,prices_model_n50_m3_k01_initial_nodes1_p0.83_iteration6
50,3,1,1,7,0.8333333333333333,0.9930795016269967,0.0,0.0,False,prices_model_n50_m3_k01_initial_nodes1_p0.83_iteration7
50,3,1,1,8,0.8333333333333333,0.9930795016269967,0.0,0.0,False,prices_model_n50_m3_k01_initial_nodes1_p0.83_iteration8
50,3,1,1,9,0.8333333333333333,0.9930795016269967,0.0,0.0,False,prices_model_n50_m3_k01_initial_nodes1_p0.83_iteration9
50,3,1,1,0,0.875,0.9930795016269967,0.0,0.0,False,prices_model_n50_m3_k01_initial_nodes1_p0.88_iteration0
50,3,1,1,1,0.875,0.9930795016269967,0.0,0.0,False,prices_model_n50_m3_k01_initial_nodes1_p0.88_iteration1
50,3,1,1,2,0.875,0.9930795016269967,0.0,0.0,False,prices_model_n50_m3_k01_initial_nodes1_p0.88_iteration2
50,3,1,1,3,0.875,0.9930795016269967,0.0,0.0,False,prices_model_n50_m3_k01_initial_nodes1_p0.88_iteration3
50,3,1,1,4,0.875,0.9930795016269967,0.0,0.0,False,prices_model_n50_m3_k01_initial_nodes1_p0.88_iteration4
50,3,1,1,5,0.875,0.9930795016269967,0.0,0.0,False,prices_model_n50_m3_k01_initial_nodes1_p0.88_iteration5
50,3,1,1,6,0.875,0.9930795016269967,0.0,0.0,False,prices_model_n50_m3_k01_initial_nodes1_p0.88_iteration6
50,3,1,1,7,0.875,0.9930795016269967,0.0,0.0,False,prices_model_n50_m3_k01_initial_nodes1_p0.88_iteration7
50,3,1,1,8,0.875,0.9930795016269967,0.0,0.0,False,prices_model_n50_m3_k01_initial_nodes1_p0.88_iteration8
50,3,1,1,9,0.875,0.9930795016269967,0.0,0.0,False,prices_model_n50_m3_k01_initial_nodes1_p0.88_iteration9
50,3,1,1,0,0.9166666666666666,0.9930795016269967,0.0,0.0,False,prices_model_n50_m3_k01_initial_nodes1_p0.92_iteration0
50,3,1,1,1,0.9166666666666666,0.9930795016269967,0.0,0.0,False,prices_model_n50_m3_k01_initial_nodes1_p0.92_iteration1
50,3,1,1,2,0.9166666666666666,0.9930795016269967,0.0,0.0,False,prices_model_n50_m3_k01_initial_nodes1_p0.92_iteration2
50,3,1,1,3,0.9166666666666666,0.9930795016269967,0.0,0.0,False,prices_model_n50_m3_k01_initial_nodes1_p0.92_iteration3
50,3,1,1,4,0.9166666666666666,0.9930795016269967,0.0,0.0,False,prices_model_n50_m3_k01_initial_nodes1_p0.92_iteration4
50,3,1,1,5,0.9166666666666666,0.9930795016269967,0.0,0.0,False,prices_model_n50_m3_k01_initial_nodes1_p0.92_iteration5
50,3,1,1,6,0.9166666666666666,0.9930795016269967,0.0,0.0,False,prices_model_n50_m3_k01_initial_nodes1_p0.92_iteration6
50,3,1,1,7,0.9166666666666666,0.9930795016269967,0.0,0.0,False,prices_model_n50_m3_k01_initial_nodes1_p0.92_iteration7
50,3,1,1,8,0.9166666666666666,0.9930795016269967,0.0,0.0,False,prices_model_n50_m3_k01_initial_nodes1_p0.92_iteration8
50,3,1,1,9,0.9166666666666666,0.9930795016269967,0.0,0.0,False,prices_model_n50_m3_k01_initial_nodes1_p0.92_iteration9
50,3,1,1,0,0.9583333333333333,0.9930795016269967,0.0,0.0,False,prices_model_n50_m3_k01_initial_nodes1_p0.96_iteration0
50,3,1,1,1,0.9583333333333333,0.9930795016269967,0.0,0.0,False,prices_model_n50_m3_k01_initial_nodes1_p0.96_iteration1
50,3,1,1,2,0.9583333333333333,0.9930795016269967,0.0,0.0,False,prices_model_n50_m3_k01_initial_nodes1_p0.96_iteration2
50,3,1,1,3,0.9583333333333333,0.9930795016269967,0.0,0.0,False,prices_model_n50_m3_k01_initial_nodes1_p0.96_iteration3
50,3,1,1,4,0.9583333333333333,0.9930795016269967,0.0,0.0,False,prices_model_n50_m3_k01_initial_nodes1_p0.96_iteration4
50,3,1,1,5,0.9583333333333333,0.9930795016269967,0.0,0.0,False,prices_model_n50_m3_k01_initial_nodes1_p0.96_iteration5
50,3,1,1,6,0.9583333333333333,0.9930795016269967,0.0,0.0,False,prices_model_n50_m3_k01_initial_nodes1_p0.96_iteration6
50,3,1,1,7,0.9583333333333333,0.9930795016269967,0.0,0.0,False,prices_model_n50_m3_k01_initial_nodes1_p0.96_iteration7
50,3,1,1,8,0.9583333333333333,0.9930795016269967,0.0,0.0,False,prices_model_n50_m3_k01_initial_nodes1_p0.96_iteration8
50,3,1,1,9,0.9583333333333333,0.9930795016269967,0.0,0.0,False,prices_model_n50_m3_k01_initial_nodes1_p0.96_iteration9
50,3,1,1,0,1.0,1.0,0.0,0.0,True,prices_model_n50_m3_k01_initial_nodes1_p1.0_iteration0
50,3,1,1,1,1.0,1.0,0.0,0.0,True,prices_model_n50_m3_k01_initial_nodes1_p1.0_iteration1
50,3,1,1,2,1.0,1.0,0.0,0.0,True,prices_model_n50_m3_k01_initial_nodes1_p1.0_iteration2
50,3,1,1,3,1.0,1.0,0.0,0.0,True,prices_model_n50_m3_k01_initial_nodes1_p1.0_iteration3
50,3,1,1,4,1.0,1.0,0.0,0.0,True,prices_model_n50_m3_k01_initial_nodes1_p1.0_iteration4
50,3,1,1,5,1.0,1.0,0.0,0.0,True,prices_model_n50_m3_k01_initial_nodes1_p1.0_iteration5
50,3,1,1,6,1.0,1.0,0.0,0.0,True,prices_model_n50_m3_k01_initial_nodes1_p1.0_iteration6
50,3,1,1,7,1.0,1.0,0.0,0.0,True,prices_model_n50_m3_k01_initial_nodes1_p1.0_iteration7
50,3,1,1,8,1.0,1.0,0.0,0.0,True,prices_model_n50_m3_k01_initial_nodes1_p1.0_iteration8
50,3,1,1,9,1.0,1.0,0.0,0.0,True,prices_model_n50_m3_k01_initial_nodes1_p1.0_iteration9
100,3,1,1,0,0.0,0.0,1.9128926360627734,1.0,False,prices_model_n100_m3_k01_initial_nodes1_p0.0_iteration0
100,3,1,1,1,0.0,0.0,1.9321475374995825,1.0,False,prices_model_n100_m3_k01_initial_nodes1_p0.0_iteration1
100,3,1,1,2,0.0,0.0,1.9187687633559056,1.0,False,prices_model_n100_m3_k01_initial_nodes1_p0.0_iteration2
100,3,1,1,3,0.0,2.4083913434796588e-08,1.922364371661544,1.0,False,prices_model_n100_m3_k01_initial_nodes1_p0.0_iteration3
100,3,1,1,4,0.0,0.0,1.9352180923543028,1.0,False,prices_model_n100_m3_k01_initial_nodes1_p0.0_iteration4
100,3,1,1,5,0.0,0.0,1.9361996534280133,1.0,False,prices_model_n100_m3_k01_initial_nodes1_p0.0_iteration5
100,3,1,1,6,0.0,0.0,1.9163480322867987,1.0,False,prices_model_n100_m3_k01_initial_nodes1_p0.0_iteration6
100,3,1,1,7,0.0,0.0,1.9218068957810965,1.0,False,prices_model_n100_m3_k01_initial_nodes1_p0.0_iteration7
100,3,1,1,8,0.0,0.0,1.9362547731096276,1.0,False,prices_model_n100_m3_k01_initial_nodes1_p0.0_iteration8
100,3,1,1,9,0.0,0.0,1.9432342560115061,1.0,False,prices_model_n100_m3_k01_initial_nodes1_p0.0_iteration9
100,3,1,1,0,0.041666666666666664,0.0716059488351171,1.9753536611492146,1.0002817582627477,False,prices_model_n100_m3_k01_initial_nodes1_p0.04_iteration0
100,3,1,1,1,0.041666666666666664,0.0,1.9290447090635068,1.0,False,prices_model_n100_m3_k01_initial_nodes1_p0.04_iteration1
100,3,1,1,2,0.041666666666666664,0.0,1.956705759460005,1.0,False,prices_model_n100_m3_k01_initial_nodes1_p0.04_iteration2
100,3,1,1,3,0.041666666666666664,0.0,1.9407525907466943,1.0,False,prices_model_n100_m3_k01_initial_nodes1_p0.04_iteration3
100,3,1,1,4,0.041666666666666664,0.05842039724185008,1.9119203784403545,1.0000532652883798,False,prices_model_n100_m3_k01_initial_nodes1_p0.04_iteration4
100,3,1,1,5,0.041666666666666664,0.0,1.9479171858983286,1.0,False,prices_model_n100_m3_k01_initial_nodes1_p0.04_iteration5
100,3,1,1,6,0.041666666666666664,0.0,1.9275702359691473,1.0,False,prices_model_n100_m3_k01_initial_nodes1_p0.04_iteration6
100,3,1,1,7,0.041666666666666664,0.0,1.9381749358018507,1.0,False,prices_model_n100_m3_k01_initial_nodes1_p0.04_iteration7
100,3,1,1,8,0.041666666666666664,0.07160639333192916,1.9323682927897552,0.9989056873640425,False,prices_model_n100_m3_k01_initial_nodes1_p0.04_iteration8
100,3,1,1,9,0.041666666666666664,0.0,1.9474827953699043,1.0,False,prices_model_n100_m3_k01_initial_nodes1_p0.04_iteration9
100,3,1,1,0,0.08333333333333333,0.2892133519202761,1.912203275583603,1.0000607678818503,False,prices_model_n100_m3_k01_initial_nodes1_p0.08_iteration0
100,3,1,1,1,0.08333333333333333,0.3062276441762207,1.9230392929951021,0.9982364065096787,False,prices_model_n100_m3_k01_initial_nodes1_p0.08_iteration1
100,3,1,1,2,0.08333333333333333,0.2538497968517604,1.9023759140553915,1.004028135939461,False,prices_model_n100_m3_k01_initial_nodes1_p0.08_iteration2
100,3,1,1,3,0.08333333333333333,0.30625996728436644,1.9110655211398695,0.9966124550073526,False,prices_model_n100_m3_k01_initial_nodes1_p0.08_iteration3
100,3,1,1,4,0.08333333333333333,0.2688961181370708,1.9078010356687178,1.0045831292303211,False,prices_model_n100_m3_k01_initial_nodes1_p0.08_iteration4
100,3,1,1,5,0.08333333333333333,0.31549310682645276,1.9038793630173774,0.9968446328196566,False,prices_model_n100_m3_k01_initial_nodes1_p0.08_iteration5
100,3,1,1,6,0.08333333333333333,0.26179951498901166,1.9123134675394022,0.9991090991311369,False,prices_model_n100_m3_k01_initial_nodes1_p0.08_iteration6
100,3,1,1,7,0.08333333333333333,0.27601545158438245,1.904336232516387,0.9984096541290804,False,prices_model_n100_m3_k01_initial_nodes1_p0.08_iteration7
100,3,1,1,8,0.08333333333333333,0.25742672480625967,1.9089225254022382,0.9988469633455017,False,prices_model_n100_m3_k01_initial_nodes1_p0.08_iteration8
100,3,1,1,9,0.08333333333333333,0.21814019914595945,1.9106605518380273,1.004212321884502,False,prices_model_n100_m3_k01_initial_nodes1_p0.08_iteration9
100,3,1,1,0,0.125,0.46806992812334924,1.8070275005735408,0.962221738671384,False,prices_model_n100_m3_k01_initial_nodes1_p0.12_iteration0
100,3,1,1,1,0.125,0.508821286174347,1.7944696480570008,0.948432469065291,False,prices_model_n100_m3_k01_initial_nodes1_p0.12_iteration1
100,3,1,1,2,0.125,0.4755591140194582,1.8105446855041212,0.9588899909840682,False,prices_model_n100_m3_k01_initial_nodes1_p0.12_iteration2
100,3,1,1,3,0.125,0.47283303991583664,1.8225158771414085,0.9670239706928815,False,prices_model_n100_m3_k01_initial_nodes1_p0.12_iteration3
100,3,1,1,4,0.125,0.4927880613476107,1.800855517700117,0.9535985168790125,False,prices_model_n100_m3_k01_initial_nodes1_p0.12_iteration4
100,3,1,1,5,0.125,0.45933895206521785,1.8193302995086624,0.970989592853597,False,prices_model_n100_m3_k01_initial_nodes1_p0.12_iteration5
100,3,1,1,6,0.125,0.42702004781404873,1.811657979375287,0.9771437123840192,False,prices_model_n100_m3_k01_initial_nodes1_p0.12_iteration6
100,3,1,1,7,0.125,0.5226754571369581,1.8142490116799623,0.9458133048888775,False,prices_model_n100_m3_k01_initial_nodes1_p0.12_iteration7
100,3,1,1,8,0.125,0.449751868446103,1.8200102917409577,0.9733913731466297,False,prices_model_n100_m3_k01_initial_nodes1_p0.12_iteration8
100,3,1,1,9,0.125,0.4632541001812219,1.8072552501004466,0.9639517136596689,False,prices_model_n100_m3_k01_initial_nodes1_p0.12_iteration9
100,3,1,1,0,0.16666666666666666,0.6772166997725951,1.5976956283321808,0.8278313001172736,False,prices_model_n100_m3_k01_initial_nodes1_p0.17_iteration0
100,3,1,1,1,0.16666666666666666,0.6394869290206887,1.595541374700368,0.8486488394163932,False,prices_model_n100_m3_k01_initial_nodes1_p0.17_iteration1
100,3,1,1,2,0.16666666666666666,0.6583626245046231,1.5944770947069862,0.8335049096257593,False,prices_model_n100_m3_k01_initial_nodes1_p0.17_iteration2
100,3,1,1,3,0.16666666666666666,0.6488387223688138,1.5957874907102065,0.8412395847700488,False,prices_model_n100_m3_k01_initial_nodes1_p0.17_iteration3
100,3,1,1,4,0.16666666666666666,0.6654438173442462,1.6052714427932988,0.8420189290626646,False,prices_model_n100_m3_k01_initial_nodes1_p0.17_iteration4
100,3,1,1,5,0.16666666666666666,0.6450782595660899,1.5685681895711137,0.8349729493990775,False,prices_model_n100_m3_k01_initial_nodes1_p0.17_iteration5
100,3,1,1,6,0.16666666666666666,0.6242432640202648,1.5999102742447244,0.8615590520671926,False,prices_model_n100_m3_k01_initial_nodes1_p0.17_iteration6
100,3,1,1,7,0.16666666666666666,0.653351670867736,1.5956039479054844,0.8384832514031823,False,prices_model_n100_m3_k01_initial_nodes1_p0.17_iteration7
100,3,1,1,8,0.16666666666666666,0.6453816055730114,1.5975489416519941,0.8461440634128676,False,prices_model_n100_m3_k01_initial_nodes1_p0.17_iteration8
100,3,1,1,9,0.16666666666666666,0.653332295462799,1.5942000306060264,0.8427633699667205,False,prices_model_n100_m3_k01_initial_nodes1_p0.17_iteration9
100,3,1,1,0,0.20833333333333331,0.7654604624652501,1.3862520134784777,0.7356724179309536,False,prices_model_n100_m3_k01_initial_nodes1_p0.21_iteration0
100,3,1,1,1,0.20833333333333331,0.7838489884880648,1.386210941455391,0.7217441101913263,False,prices_model_n100_m3_k01_initial_nodes1_p0.21_iteration1
100,3,1,1,2,0.20833333333333331,0.7748541045815175,1.3862529007962887,0.7308533467999315,False,prices_model_n100_m3_k01_initial_nodes1_p0.21_iteration2
100,3,1,1,3,0.20833333333333331,0.7818822582438768,1.3862607300821577,0.7201110847196937,False,prices_model_n100_m3_k01_initial_nodes1_p0.21_iteration3
100,3,1,1,4,0.20833333333333331,0.7846149987677263,1.3862736324501272,0.7169034306193937,False,prices_model_n100_m3_k01_initial_nodes1_p0.21_iteration4
100,3,1,1,5,0.20833333333333331,0.7816551812618604,1.3751759714367209,0.7203605056609685,False,prices_model_n100_m3_k01_initial_nodes1_p0.21_iteration5
100,3,1,1,6,0.20833333333333331,0.7772717680202335,1.3862886322367036,0.7249643456856812,False,prices_model_n100_m3_k01_initial_nodes1_p0.21_iteration6
100,3,1,1,7,0.20833333333333331,0.786021201122536,1.3862931925474298,0.7094141194061847,False,prices_model_n100_m3_k01_initial_nodes1_p0.21_iteration7
100,3,1,1,8,0.20833333333333331,0.7837608633476281,1.3862827463352763,0.7191652574141171,False,prices_model_n100_m3_k01_initial_nodes1_p0.21_iteration8
100,3,1,1,9,0.20833333333333331,0.7972546336483507,1.3862896079657545,0.7108663864004523,False,prices_model_n100_m3_k01_initial_nodes1_p0.21_iteration9
100,3,1,1,0,0.25,0.9797958971132713,1.0986122886681098,0.5362347451620427,False,prices_model_n100_m3_k01_initial_nodes1_p0.25_iteration0
100,3,1,1,1,0.25,0.9797958971132713,1.0986122886681098,0.5378183490686831,False,prices_model_n100_m3_k01_initial_nodes1_p0.25_iteration1
100,3,1,1,2,0.25,0.9797958971132713,1.0986122886681098,0.5382079334373864,False,prices_model_n100_m3_k01_initial_nodes1_p0.25_iteration2
100,3,1,1,3,0.25,0.9797958971132713,1.0986122886681098,0.5464633560868182,False,prices_model_n100_m3_k01_initial_nodes1_p0.25_iteration3
100,3,1,1,4,0.25,0.9797958971132713,1.0986122886681098,0.5484607704021399,False,prices_model_n100_m3_k01_initial_nodes1_p0.25_iteration4
100,3,1,1,5,0.25,0.9797958971132713,1.0986122886681098,0.5298425529671682,False,prices_model_n100_m3_k01_initial_nodes1_p0.25_iteration5
100,3,1,1,6,0.25,0.9797958971132713,1.0986122886681098,0.525669241577041,False,prices_model_n100_m3_k01_initial_nodes1_p0.25_iteration6
100,3,1,1,7,0.25,0.9797958971132713,1.0986122886681098,0.5374595031190136,False,prices_model_n100_m3_k01_initial_nodes1_p0.25_iteration7
100,3,1,1,8,0.25,0.9797958971132713,1.0986122886681098,0.5405522230732211,False,prices_model_n100_m3_k01_initial_nodes1_p0.25_iteration8
100,3,1,1,9,0.25,0.9797958971132713,1.0986122886681098,0.5372174568416525,False,prices_model_n100_m3_k01_initial_nodes1_p0.25_iteration9
100,3,1,1,0,0.29166666666666663,0.9797958971132713,1.0986122886681098,0.53891877763168,False,prices_model_n100_m3_k01_initial_nodes1_p0.29_iteration0
100,3,1,1,1,0.29166666666666663,0.9797958971132713,1.0986122886681098,0.5322699610973708,False,prices_model_n100_m3_k01_initial_nodes1_p0.29_iteration1
100,3,1,1,2,0.29166666666666663,0.9797958971132713,1.0986122886681098,0.5457732851065129,False,prices_model_n100_m3_k01_initial_nodes1_p0.29_iteration2
100,3,1,1,3,0.29166666666666663,0.9797958971132713,1.0986122886681098,0.5399232092574204,False,prices_model_n100_m3_k01_initial_nodes1_p0.29_iteration3
100,3,1,1,4,0.29166666666666663,0.9797958971132713,1.0986122886681098,0.5359460673800573,False,prices_model_n100_m3_k01_initial_nodes1_p0.29_iteration4
100,3,1,1,5,0.29166666666666663,0.9797958971132713,1.0986122886681098,0.531404652357313,False,prices_model_n100_m3_k01_initial_nodes1_p0.29_iteration5
100,3,1,1,6,0.29166666666666663,0.9797958971132713,1.0986122886681098,0.536298261570236,False,prices_model_n100_m3_k01_initial_nodes1_p0.29_iteration6
100,3,1,1,7,0.29166666666666663,0.9797958971132713,1.0986122886681098,0.5414804470555655,False,prices_model_n100_m3_k01_initial_nodes1_p0.29_iteration7
100,3,1,1,8,0.29166666666666663,0.9797958971132713,1.0986122886681098,0.5409017469367868,False,prices_model_n100_m3_k01_initial_nodes1_p0.29_iteration8
100,3,1,1,9,0.29166666666666663,0.9797958971132713,1.0986122886681098,0.5294884867079799,False,prices_model_n100_m3_k01_initial_nodes1_p0.29_iteration9
100,3,1,1,0,0.3333333333333333,0.9898474527915803,0.6931471805599452,0.3419649641562214,False,prices_model_n100_m3_k01_initial_nodes1_p0.33_iteration0
100,3,1,1,1,0.3333333333333333,0.9898474527915803,0.6931471805599452,0.3379186377648752,False,prices_model_n100_m3_k01_initial_nodes1_p0.33_iteration1
100,3,1,1,2,0.3333333333333333,0.9898474527915803,0.6931471805599452,0.33811944337979205,False,prices_model_n100_m3_k01_initial_nodes1_p0.33_iteration2
100,3,1,1,3,0.3333333333333333,0.9898474527915803,0.6931471805599452,0.3401112583545694,False,prices_model_n100_m3_k01_initial_nodes1_p0.33_iteration3
100,3,1,1,4,0.3333333333333333,0.9898474527915803,0.6931471805599452,0.3511013865793684,False,prices_model_n100_m3_k01_initial_nodes1_p0.33_iteration4
100,3,1,1,5,0.3333333333333333,0.9898474527915803,0.6931471805599452,0.3399484082674164,False,prices_model_n100_m3_k01_initial_nodes1_p0.33_iteration5
100,3,1,1,6,0.3333333333333333,0.9898474527915803,0.6931471805599452,0.34310739955152886,False,prices_model_n100_m3_k01_initial_nodes1_p0.33_iteration6
100,3,1,1,7,0.3333333333333333,0.9898474527915803,0.6931471805599452,0.34165900002697563,False,prices_model_n100_m3_k01_initial_nodes1_p0.33_iteration7
100,3,1,1,8,0.3333333333333333,0.9898474527915803,0.6931471805599452,0.34006971085692717,False,prices_model_n100_m3_k01_initial_nodes1_p0.33_iteration8
100,3,1,1,9,0.3333333333333333,0.9898474527915803,0.6931471805599452,0.34316400407280145,False,prices_model_n100_m3_k01_initial_nodes1_p0.33_iteration9
100,3,1,1,0,0.375,0.9898474527915803,0.6931471805599452,0.33988993181808214,False,prices_model_n100_m3_k01_initial_nodes1_p0.38_iteration0
100,3,1,1,1,0.375,0.9898474527915803,0.6931471805599452,0.33740721361482867,False,prices_model_n100_m3_k01_initial_nodes1_p0.38_iteration1
100,3,1,1,2,0.375,0.9898474527915803,0.6931471805599452,0.34335237279500014,False,prices_model_n100_m3_k01_initial_nodes1_p0.38_iteration2
100,3,1,1,3,0.375,0.9898474527915803,0.6931471805599452,0.34040185822549757,False,prices_model_n100_m3_k01_initial_nodes1_p0.38_iteration3
100,3,1,1,4,0.375,0.9898474527915803,0.6931471805599452,0.3398207335703144,False,prices_model_n100_m3_k01_initial_nodes1_p0.38_iteration4
100,3,1,1,5,0.375,0.9898474527915803,0.6931471805599452,0.340776071931275,False,prices_model_n100_m3_k01_initial_nodes1_p0.38_iteration5
100,3,1,1,6,0.375,0.9898474527915803,0.6931471805599452,0.3350570044769557,False,prices_model_n100_m3_k01_initial_nodes1_p0.38_iteration6
100,3,1,1,7,0.375,0.9898474527915803,0.6931471805599452,0.33963140102168354,False,prices_model_n100_m3_k01_initial_nodes1_p0.38_iteration7
100,3,1,1,8,0.375,0.9898474527915803,0.6931471805599452,0.3370166600346897,False,prices_model_n100_m3_k01_initial_nodes1_p0.38_iteration8
100,3,1,1,9,0.375,0.9898474527915803,0.6931471805599452,0.34555264935647906,False,prices_model_n100_m3_k01_initial_nodes1_p0.38_iteration9
100,3,1,1,0,0.41666666666666663,0.9898474527915803,0.6931471805599452,0.3329377994699949,False,prices_model_n100_m3_k01_initial_nodes1_p0.42_iteration0
100,3,1,1,1,0.41666666666666663,0.9898474527915803,0.6931471805599452,0.3357871892087921,False,prices_model_n100_m3_k01_initial_nodes1_p0.42_iteration1
100,3,1,1,2,0.41666666666666663,0.9898474527915803,0.6931471805599452,0.3471570191814946,False,prices_model_n100_m3_k01_initial_nodes1_p0.42_iteration2
100,3,1,1,3,0.41666666666666663,0.9898474527915803,0.6931471805599452,0.3374710983726909,False,prices_model_n100_m3_k01_initial_nodes1_p0.42_iteration3
100,3,1,1,4,0.41666666666666663,0.9898474527915803,0.6931471805599452,0.33553795371409956,False,prices_model_n100_m3_k01_initial_nodes1_p0.42_iteration4
100,3,1,1,5,0.41666666666666663,0.9898474527915803,0.6931471805599452,0.3458833865322524,False,prices_model_n100_m3_k01_initial_nodes1_p0.42_iteration5
100,3,1,1,6,0.41666666666666663,0.9898474527915803,0.6931471805599452,0.34111623948306397,False,prices_model_n100_m3_k01_initial_nodes1_p0.42_iteration6
100,3,1,1,7,0.41666666666666663,0.9898474527915803,0.6931471805599452,0.3421271029860949,False,prices_model_n100_m3_k01_initial_nodes1_p0.42_iteration7
100,3,1,1,8,0.41666666666666663,0.9898474527915803,0.6931471805599452,0.34179474256378245,False,prices_model_n100_m3_k01_initial_nodes1_p0.42_iteration8
100,3,1,1,9,0.41666666666666663,0.9898474527915803,0.6931471805599452,0.34056149041174755,False,prices_model_n100_m3_k01_initial_nodes1_p0.42_iteration9
100,3,1,1,0,0.4583333333333333,0.9898474527915803,0.6931471805599452,0.3421784045505643,False,prices_model_n100_m3_k01_initial_nodes1_p0.46_iteration0
100,3,1,1,1,0.4583333333333333,0.9898474527915803,0.6931471805599452,0.3406844862967206,False,prices_model_n100_m3_k01_initial_nodes1_p0.46_iteration1
100,3,1,1,2,0.4583333333333333,0.9898474527915803,0.6931471805599452,0.33933501378946235,False,prices_model_n100_m3_k01_initial_nodes1_p0.46_iteration2
100,3,1,1,3,0.4583333333333333,0.9898474527915803,0.6931471805599452,0.33540004981171073,False,prices_model_n100_m3_k01_initial_nodes1_p0.46_iteration3
100,3,1,1,4,0.4583333333333333,0.9898474527915803,0.6931471805599452,0.342065571126451,False,prices_model_n100_m3_k01_initial_nodes1_p0.46_iteration4
100,3,1,1,5,0.4583333333333333,0.9898474527915803,0.6931471805599452,0.34165219428430144,False,prices_model_n100_m3_k01_initial_nodes1_p0.46_iteration5
100,3,1,1,6,0.4583333333333333,0.9898474527915803,0.6931471805599452,0.33568180377133955,False,prices_model_n100_m3_k01_initial_nodes1_p0.46_iteration6
100,3,1,1,7,0.4583333333333333,0.9898474527915803,0.6931471805599452,0.3407866278795619,False,prices_model_n100_m3_k01_initial_nodes1_p0.46_iteration7
100,3,1,1,8,0.4583333333333333,0.9898474527915803,0.6931471805599452,0.3440015067481739,False,prices_model_n100_m3_k01_initial_nodes1_p0.46_iteration8
100,3,1,1,9,0.4583333333333333,0.9898474527915803,0.6931471805599452,0.3416467608078835,False,prices_model_n100_m3_k01_initial_nodes1_p0.46_iteration9
100,3,1,1,0,0.5,0.9966044044569794,0.0,0.0,False,prices_model_n100_m3_k01_initial_nodes1_p0.5_iteration0
100,3,1,1,1,0.5,0.9966044044569794,0.0,0.0,False,prices_model_n100_m3_k01_initial_nodes1_p0.5_iteration1
100,3,1,1,2,0.5,0.9966044044569794,0.0,0.0,False,prices_model_n100_m3_k01_initial_nodes1_p0.5_iteration2
100,3,1,1,3,0.5,0.9966044044569794,0.0,0.0,False,prices_model_n100_m3_k01_initial_nodes1_p0.5_iteration3
100,3,1,1,4,0.5,0.9966044044569794,0.0,0.0,False,prices_model_n100_m3_k01_initial_nodes1_p0.5_iteration4
100,3,1,1,5,0.5,0.9966044044569794,0.0,0.0,False,prices_model_n100_m3_k01_initial_nodes1_p0.5_iteration5
100,3,1,1,6,0.5,0.9966044044569794,0.0,0.0,False,prices_model_n100_m3_k01_initial_nodes1_p0.5_iteration6
100,3,1,1,7,0.5,0.9966044044569794,0.0,0.0,False,prices_model_n100_m3_k01_initial_nodes1_p0.5_iteration7
100,3,1,1,8,0.5,0.9966044044569794,0.0,0.0,False,prices_model_n100_m3_k01_initial_nodes1_p0.5_iteration8
100,3,1,1,9,0.5,0.9966044044569794,0.0,0.0,False,prices_model_n100_m3_k01_initial_nodes1_p0.5_iteration9
100,3,1,1,0,0.5416666666666666,0.9966044044569794,0.0,0.0,False,prices_model_n100_m3_k01_initial_nodes1_p0.54_iteration0
100,3,1,1,1,0.5416666666666666,0.9966044044569794,0.0,0.0,False,prices_model_n100_m3_k01_initial_nodes1_p0.54_iteration1
100,3,1,1,2,0.5416666666666666,0.9966044044569794,0.0,0.0,False,prices_model_n100_m3_k01_initial_nodes1_p0.54_iteration2
100,3,1,1,3,0.5416666666666666,0.9966044044569794,0.0,0.0,False,prices_model_n100_m3_k01_initial_nodes1_p0.54_iteration3
100,3,1,1,4,0.5416666666666666,0.9966044044569794,0.0,0.0,False,prices_model_n100_m3_k01_initial_nodes1_p0.54_iteration4
100,3,1,1,5,0.5416666666666666,0.9966044044569794,0.0,0.0,False,prices_model_n100_m3_k01_initial_nodes1_p0.54_iteration5
100,3,1,1,6,0.5416666666666666,0.9966044044569794,0.0,0.0,False,prices_model_n100_m3_k01_initial_nodes1_p0.54_iteration6
100,3,1,1,7,0.5416666666666666,0.9966044044569794,0.0,0.0,False,prices_model_n100_m3_k01_initial_nodes1_p0.54_iteration7
100,3,1,1,8,0.5416666666666666,0.9966044044569794,0.0,0.0,False,prices_model_n100_m3_k01_initial_nodes1_p0.54_iteration8
100,3,1,1,9,0.5416666666666666,0.9966044044569794,0.0,0.0,False,prices_model_n100_m3_k01_initial_nodes1_p0.54_iteration9
100,3,1,1,0,0.5833333333333333,0.9966044044569794,0.0,0.0,False,prices_model_n100_m3_k01_initial_nodes1_p0.58_iteration0
100,3,1,1,1,0.5833333333333333,0.9966044044569794,0.0,0.0,False,prices_model_n100_m3_k01_initial_nodes1_p0.58_iteration1
100,3,1,1,2,0.5833333333333333,0.9966044044569794,0.0,0.0,False,prices_model_n100_m3_k01_initial_nodes1_p0.58_iteration2
100,3,1,1,3,0.5833333333333333,0.9966044044569794,0.0,0.0,False,prices_model_n100_m3_k01_initial_nodes1_p0.58_iteration3
100,3,1,1,4,0.5833333333333333,0.9966044044569794,0.0,0.0,False,prices_model_n100_m3_k01_initial_nodes1_p0.58_iteration4
100,3,1,1,5,0.5833333333333333,0.9966044044569794,0.0,0.0,False,prices_model_n100_m3_k01_initial_nodes1_p0.58_iteration5
100,3,1,1,6,0.5833333333333333,0.9966044044569794,0.0,0.0,False,prices_model_n100_m3_k01_initial_nodes1_p0.58_iteration6
100,3,1,1,7,0.5833333333333333,0.9966044044569794,0.0,0.0,False,prices_model_n100_m3_k01_initial_nodes1_p0.58_iteration7
100,3,1,1,8,0.5833333333333333,0.9966044044569794,0.0,0.0,False,prices_model_n100_m3_k01_initial_nodes1_p0.58_iteration8
100,3,1,1,9,0.5833333333333333,0.9966044044569794,0.0,0.0,False,prices_model_n100_m3_k01_initial_nodes1_p0.58_iteration9
100,3,1,1,0,0.625,0.9966044044569794,0.0,0.0,False,prices_model_n100_m3_k01_initial_nodes1_p0.62_iteration0
100,3,1,1,1,0.625,0.9966044044569794,0.0,0.0,False,prices_model_n100_m3_k01_initial_nodes1_p0.62_iteration1
100,3,1,1,2,0.625,0.9966044044569794,0.0,0.0,False,prices_model_n100_m3_k01_initial_nodes1_p0.62_iteration2
100,3,1,1,3,0.625,0.9966044044569794,0.0,0.0,False,prices_model_n100_m3_k01_initial_nodes1_p0.62_iteration3
100,3,1,1,4,0.625,0.9966044044569794,0.0,0.0,False,prices_model_n100_m3_k01_initial_nodes1_p0.62_iteration4
100,3,1,1,5,0.625,0.9966044044569794,0.0,0.0,False,prices_model_n100_m3_k01_initial_nodes1_p0.62_iteration5
100,3,1,1,6,0.625,0.9966044044569794,0.0,0.0,False,prices_model_n100_m3_k01_initial_nodes1_p0.62_iteration6
100,3,1,1,7,0.625,0.9966044044569794,0.0,0.0,False,prices_model_n100_m3_k01_initial_nodes1_p0.62_iteration7
100,3,1,1,8,0.625,0.9966044044569794,0.0,0.0,False,prices_model_n100_m3_k01_initial_nodes1_p0.62_iteration8
100,3,1,1,9,0.625,0.9966044044569794,0.0,0.0,False,prices_model_n100_m3_k01_initial_nodes1_p0.62_iteration9
100,3,1,1,0,0.6666666666666666,0.9966044044569794,0.0,0.0,False,prices_model_n100_m3_k01_initial_nodes1_p0.67_iteration0
100,3,1,1,1,0.6666666666666666,0.9966044044569794,0.0,0.0,False,prices_model_n100_m3_k01_initial_nodes1_p0.67_iteration1
100,3,1,1,2,0.6666666666666666,0.9966044044569794,0.0,0.0,False,prices_model_n100_m3_k01_initial_nodes1_p0.67_iteration2
100,3,1,1,3,0.6666666666666666,0.9966044044569794,0.0,0.0,False,prices_model_n100_m3_k01_initial_nodes1_p0.67_iteration3
100,3,1,1,4,0.6666666666666666,0.9966044044569794,0.0,0.0,False,prices_model_n100_m3_k01_initial_nodes1_p0.67_iteration4
100,3,1,1,5,0.6666666666666666,0.9966044044569794,0.0,0.0,False,prices_model_n100_m3_k01_initial_nodes1_p0.67_iteration5
100,3,1,1,6,0.6666666666666666,0.9966044044569794,0.0,0.0,False,prices_model_n100_m3_k01_initial_nodes1_p0.67_iteration6
100,3,1,1,7,0.6666666666666666,0.9966044044569794,0.0,0.0,False,prices_model_n100_m3_k01_initial_nodes1_p0.67_iteration7
100,3,1,1,8,0.6666666666666666,0.9966044044569794,0.0,0.0,False,prices_model_n100_m3_k01_initial_nodes1_p0.67_iteration8
100,3,1,1,9,0.6666666666666666,0.9966044044569794,0.0,0.0,False,prices_model_n100_m3_k01_initial_nodes1_p0.67_iteration9
100,3,1,1,0,0.7083333333333333,0.9966044044569794,0.0,0.0,False,prices_model_n100_m3_k01_initial_nodes1_p0.71_iteration0
100,3,1,1,1,0.7083333333333333,0.9966044044569794,0.0,0.0,False,prices_model_n100_m3_k01_initial_nodes1_p0.71_iteration1
100,3,1,1,2,0.7083333333333333,0.9966044044569794,0.0,0.0,False,prices_model_n100_m3_k01_initial_nodes1_p0.71_iteration2
100,3,1,1,3,0.7083333333333333,0.9966044044569794,0.0,0.0,False,prices_model_n100_m3_k01_initial_nodes1_p0.71_iteration3
100,3,1,1,4,0.7083333333333333,0.9966044044569794,0.0,0.0,False,prices_model_n100_m3_k01_initial_nodes1_p0.71_iteration4
100,3,1,1,5,0.7083333333333333,0.9966044044569794,0.0,0.0,False,prices_model_n100_m3_k01_initial_nodes1_p0.71_iteration5
100,3,1,1,6,0.7083333333333333,0.9966044044569794,0.0,0.0,False,prices_model_n100_m3_k01_initial_nodes1_p0.71_iteration6
100,3,1,1,7,0.7083333333333333,0.9966044044569794,0.0,0.0,False,prices_model_n100_m3_k01_initial_nodes1_p0.71_iteration7
100,3,1,1,8,0.7083333333333333,0.9966044044569794,0.0,0.0,False,prices_model_n100_m3_k01_initial_nodes1_p0.71_iteration8
100,3,1,1,9,0.7083333333333333,0.9966044044569794,0.0,0.0,False,prices_model_n100_m3_k01_initial_nodes1_p0.71_iteration9
100,3,1,1,0,0.75,0.9966044044569794,0.0,0.0,False,prices_model_n100_m3_k01_initial_nodes1_p0.75_iteration0
100,3,1,1,1,0.75,0.9966044044569794,0.0,0.0,False,prices_model_n100_m3_k01_initial_nodes1_p0.75_iteration1
100,3,1,1,2,0.75,0.9966044044569794,0.0,0.0,False,prices_model_n100_m3_k01_initial_nodes1_p0.75_iteration2
100,3,1,1,3,0.75,0.9966044044569794,0.0,0.0,False,prices_model_n100_m3_k01_initial_nodes1_p0.75_iteration3
100,3,1,1,4,0.75,0.9966044044569794,0.0,0.0,False,prices_model_n100_m3_k01_initial_nodes1_p0.75_iteration4
100,3,1,1,5,0.75,0.9966044044569794,0.0,0.0,False,prices_model_n100_m3_k01_initial_nodes1_p0.75_iteration5
100,3,1,1,6,0.75,0.9966044044569794,0.0,0.0,False,prices_model_n100_m3_k01_initial_nodes1_p0.75_iteration6
100,3,1,1,7,0.75,0.9966044044569794,0.0,0.0,False,prices_model_n100_m3_k01_initial_nodes1_p0.75_iteration7
100,3,1,1,8,0.75,0.9966044044569794,0.0,0.0,False,prices_model_n100_m3_k01_initial_nodes1_p0.75_iteration8
100,3,1,1,9,0.75,0.9966044044569794,0.0,0.0,False,prices_model_n100_m3_k01_initial_nodes1_p0.75_iteration9
100,3,1,1,0,0.7916666666666666,0.9966044044569794,0.0,0.0,False,prices_model_n100_m3_k01_initial_nodes1_p0.79_iteration0
100,3,1,1,1,0.7916666666666666,0.9966044044569794,0.0,0.0,False,prices_model_n100_m3_k01_initial_nodes1_p0.79_iteration1
100,3,1,1,2,0.7916666666666666,0.9966044044569794,0.0,0.0,False,prices_model_n100_m3_k01_initial_nodes1_p0.79_iteration2
100,3,1,1,3,0.7916666666666666,0.9966044044569794,0.0,0.0,False,prices_model_n100_m3_k01_initial_nodes1_p0.79_iteration3
100,3,1,1,4,0.7916666666666666,0.9966044044569794,0.0,0.0,False,prices_model_n100_m3_k01_initial_nodes1_p0.79_iteration4
100,3,1,1,5,0.7916666666666666,0.9966044044569794,0.0,0.0,False,prices_model_n100_m3_k01_initial_nodes1_p0.79_iteration5
100,3,1,1,6,0.7916666666666666,0.9966044044569794,0.0,0.0,False,prices_model_n100_m3_k01_initial_nodes1_p0.79_iteration6
100,3,1,1,7,0.7916666666666666,0.9966044044569794,0.0,0.0,False,prices_model_n100_m3_k01_initial_nodes1_p0.79_iteration7
100,3,1,1,8,0.7916666666666666,0.9966044044569794,0.0,0.0,False,prices_model_n100_m3_k01_initial_nodes1_p0.79_iteration8
100,3,1,1,9,0.7916666666666666,0.9966044044569794,0.0,0.0,False,prices_model_n100_m3_k01_initial_nodes1_p0.79_iteration9
100,3,1,1,0,0.8333333333333333,0.9966044044569794,0.0,0.0,False,prices_model_n100_m3_k01_initial_nodes1_p0.83_iteration0
100,3,1,1,1,0.8333333333333333,0.9966044044569794,0.0,0.0,False,prices_model_n100_m3_k01_initial_nodes1_p0.83_iteration1
100,3,1,1,2,0.8333333333333333,0.9966044044569794,0.0,0.0,False,prices_model_n100_m3_k01_initial_nodes1_p0.83_iteration2
100,3,1,1,3,0.8333333333333333,0.9966044044569794,0.0,0.0,False,prices_model_n100_m3_k01_initial_nodes1_p0.83_iteration3
100,3,1,1,4,0.8333333333333333,0.9966044044569794,0.0,0.0,False,prices_model_n100_m3_k01_initial_nodes1_p0.83_iteration4
100,3,1,1,5,0.8333333333333333,0.9966044044569794,0.0,0.0,False,prices_model_n100_m3_k01_initial_nodes1_p0.83_iteration5
100,3,1,1,6,0.8333333333333333,0.9966044044569794,0.0,0.0,False,prices_model_n100_m3_k01_initial_nodes1_p0.83_iteration6
100,3,1,1,7,0.8333333333333333,0.9966044044569794,0.0,0.0,False,prices_model_n100_m3_k01_initial_nodes1_p0.83_iteration7
100,3,1,1,8,0.8333333333333333,0.9966044044569794,0.0,0.0,False,prices_model_n100_m3_k01_initial_nodes1_p0.83_iteration8
100,3,1,1,9,0.8333333333333333,0.9966044044569794,0.0,0.0,False,prices_model_n100_m3_k01_initial_nodes1_p0.83_iteration9
100,3,1,1,0,0.875,0.9966044044569794,0.0,0.0,False,prices_model_n100_m3_k01_initial_nodes1_p0.88_iteration0
100,3,1,1,1,0.875,0.9966044044569794,0.0,0.0,False,prices_model_n100_m3_k01_initial_nodes1_p0.88_iteration1
100,3,1,1,2,0.875,0.9966044044569794,0.0,0.0,False,prices_model_n100_m3_k01_initial_nodes1_p0.88_iteration2
100,3,1,1,3,0.875,0.9966044044569794,0.0,0.0,False,prices_model_n100_m3_k01_initial_nodes1_p0.88_iteration3
100,3,1,1,4,0.875,0.9966044044569794,0.0,0.0,False,prices_model_n100_m3_k01_initial_nodes1_p0.88_iteration4
100,3,1,1,5,0.875,0.9966044044569794,0.0,0.0,False,prices_model_n100_m3_k01_initial_nodes1_p0.88_iteration5
100,3,1,1,6,0.875,0.9966044044569794,0.0,0.0,False,prices_model_n100_m3_k01_initial_nodes1_p0.88_iteration6
100,3,1,1,7,0.875,0.9966044044569794,0.0,0.0,False,prices_model_n100_m3_k01_initial_nodes1_p0.88_iteration7
100,3,1,1,8,0.875,0.9966044044569794,0.0,0.0,False,prices_model_n100_m3_k01_initial_nodes1_p0.88_iteration8
100,3,1,1,9,0.875,0.9966044044569794,0.0,0.0,False,prices_model_n100_m3_k01_initial_nodes1_p0.88_iteration9
100,3,1,1,0,0.9166666666666666,0.9966044044569794,0.0,0.0,False,prices_model_n100_m3_k01_initial_nodes1_p0.92_iteration0
100,3,1,1,1,0.9166666666666666,0.9966044044569794,0.0,0.0,False,prices_model_n100_m3_k01_initial_nodes1_p0.92_iteration1
100,3,1,1,2,0.9166666666666666,0.9966044044569794,0.0,0.0,False,prices_model_n100_m3_k01_initial_nodes1_p0.92_iteration2
100,3,1,1,3,0.9166666666666666,0.9966044044569794,0.0,0.0,False,prices_model_n100_m3_k01_initial_nodes1_p0.92_iteration3
100,3,1,1,4,0.9166666666666666,0.9966044044569794,0.0,0.0,False,prices_model_n100_m3_k01_initial_nodes1_p0.92_iteration4
100,3,1,1,5,0.9166666666666666,0.9966044044569794,0.0,0.0,False,prices_model_n100_m3_k01_initial_nodes1_p0.92_iteration5
100,3,1,1,6,0.9166666666666666,0.9966044044569794,0.0,0.0,False,prices_model_n100_m3_k01_initial_nodes1_p0.92_iteration6
100,3,1,1,7,0.9166666666666666,0.9966044044569794,0.0,0.0,False,prices_model_n100_m3_k01_initial_nodes1_p0.92_iteration7
100,3,1,1,8,0.9166666666666666,0.9966044044569794,0.0,0.0,False,prices_model_n100_m3_k01_initial_nodes1_p0.92_iteration8
100,3,1,1,9,0.9166666666666666,0.9966044044569794,0.0,0.0,False,prices_model_n100_m3_k01_initial_nodes1_p0.92_iteration9
100,3,1,1,0,0.9583333333333333,0.9966044044569794,0.0,0.0,False,prices_model_n100_m3_k01_initial_nodes1_p0.96_iteration0
100,3,1,1,1,0.9583333333333333,0.9966044044569794,0.0,0.0,False,prices_model_n100_m3_k01_initial_nodes1_p0.96_iteration1
100,3,1,1,2,0.9583333333333333,0.9966044044569794,0.0,0.0,False,prices_model_n100_m3_k01_initial_nodes1_p0.96_iteration2
100,3,1,1,3,0.9583333333333333,0.9966044044569794,0.0,0.0,False,prices_model_n100_m3_k01_initial_nodes1_p0.96_iteration3
100,3,1,1,4,0.9583333333333333,0.9966044044569794,0.0,0.0,False,prices_model_n100_m3_k01_initial_nodes1_p0.96_iteration4
100,3,1,1,5,0.9583333333333333,0.9966044044569794,0.0,0.0,False,prices_model_n100_m3_k01_initial_nodes1_p0.96_iteration5
100,3,1,1,6,0.9583333333333333,0.9966044044569794,0.0,0.0,False,prices_model_n100_m3_k01_initial_nodes1_p0.96_iteration6
100,3,1,1,7,0.9583333333333333,0.9966044044569794,0.0,0.0,False,prices_model_n100_m3_k01_initial_nodes1_p0.96_iteration7
100,3,1,1,8,0.9583333333333333,0.9966044044569794,0.0,0.0,False,prices_model_n100_m3_k01_initial_nodes1_p0.96_iteration8
100,3,1,1,9,0.9583333333333333,0.9966044044569794,0.0,0.0,False,prices_model_n100_m3_k01_initial_nodes1_p0.96_iteration9
100,3,1,1,0,1.0,1.0,0.0,0.0,True,prices_model_n100_m3_k01_initial_nodes1_p1.0_iteration0
100,3,1,1,1,1.0,1.0,0.0,0.0,True,prices_model_n100_m3_k01_initial_nodes1_p1.0_iteration1
100,3,1,1,2,1.0,1.0,0.0,0.0,True,prices_model_n100_m3_k01_initial_nodes1_p1.0_iteration2
100,3,1,1,3,1.0,1.0,0.0,0.0,True,prices_model_n100_m3_k01_initial_nodes1_p1.0_iteration3
100,3,1,1,4,1.0,1.0,0.0,0.0,True,prices_model_n100_m3_k01_initial_nodes1_p1.0_iteration4
100,3,1,1,5,1.0,1.0,0.0,0.0,True,prices_model_n100_m3_k01_initial_nodes1_p1.0_iteration5
100,3,1,1,6,1.0,1.0,0.0,0.0,True,prices_model_n100_m3_k01_initial_nodes1_p1.0_iteration6
100,3,1,1,7,1.0,1.0,0.0,0.0,True,prices_model_n100_m3_k01_initial_nodes1_p1.0_iteration7
100,3,1,1,8,1.0,1.0,0.0,0.0,True,prices_model_n100_m3_k01_initial_nodes1_p1.0_iteration8
100,3,1,1,9,1.0,1.0,0.0,0.0,True,prices_model_n100_m3_k01_initial_nodes1_p1.0_iteration9
